"age","(Multiple Items)",,,,
"Lista GBD de 165","02. Agresiones (homicidios)",,,,
,,,,,
"Defunciones",,"Sexo",,,
"Año Registro","Edad en Años","Masculino","Femenino","No_Especificado","Grand Total"
"1979","Menores de 1 año",,,,
,"1 año",,,,
,"2 años",,,,
,"3 años",,,,
,"4 años",,,,
,"5 años",,,,
,"6 años",,,,
,"7 años",,,,
,"8 años",,,,
,"9 años",,,,
,"10 años",,,,
,"11 años",,,,
,"12 años",,,,
,"13 años",,,,
,"14 años",,,,
,"15 años",,,,
,"16 años",,,,
,"17 años",,,,
,"18 años",,,,
,"19 años",,,,
,"20 años",,,,
,"21 años",,,,
,"22 años",,,,
,"23 años",,,,
,"24 años",,,,
,"25 años",,,,
,"26 años",,,,
,"27 años",,,,
,"28 años",,,,
,"29 años",,,,
,"30 años",,,,
,"31 años",,,,
,"32 años",,,,
,"33 años",,,,
,"34 años",,,,
,"35 años",,,,
,"36 años",,,,
,"37 años",,,,
,"38 años",,,,
,"39 años",,,,
,"40 años",,,,
,"41 años",,,,
,"42 años",,,,
,"43 años",,,,
,"44 años",,,,
,"45 años",,,,
,"46 años",,,,
,"47 años",,,,
,"48 años",,,,
,"49 años",,,,
,"50 años",,,,
,"51 años",,,,
,"52 años",,,,
,"53 años",,,,
,"54 años",,,,
,"55 años",,,,
,"56 años",,,,
,"57 años",,,,
,"58 años",,,,
,"59 años",,,,
,"60 años",,,,
,"61 años",,,,
,"62 años",,,,
,"63 años",,,,
,"64 años",,,,
,"65 años",,,,
,"66 años",,,,
,"67 años",,,,
,"68 años",,,,
,"69 años",,,,
,"70 años",,,,
,"71 años",,,,
,"72 años",,,,
,"73 años",,,,
,"74 años",,,,
,"75 años",,,,
,"76 años",,,,
,"77 años",,,,
,"78 años",,,,
,"79 años",,,,
,"80 años",,,,
,"81 años",,,,
,"82 años",,,,
,"83 años",,,,
,"84 años",,,,
,"85 años",,,,
,"86 años",,,,
,"87 años",,,,
,"88 años",,,,
,"89 años",,,,
,"90 años",,,,
,"91 años",,,,
,"92 años",,,,
,"93 años",,,,
,"94 años",,,,
,"95 años",,,,
,"96 años",,,,
,"97 años",,,,
,"98 años",,,,
,"99 años",,,,
,"100 años",,,,
,"101 años",,,,
,"102 años",,,,
,"103 años",,,,
,"104 años",,,,
,"105 años",,,,
,"106 años",,,,
,"107 años",,,,
,"108 años",,,,
,"109 años",,,,
,"110 años",,,,
,"111 años",,,,
,"112 años",,,,
,"113 años",,,,
,"114 años",,,,
,"115 años",,,,
,"116 años",,,,
,"117 años",,,,
,"118 años",,,,
,"119 años",,,,
,"120 años",,,,
,"121 años",,,,
,"122 años",,,,
,"123 años",,,,
,"124 años",,,,
,"125 años",,,,
,"126 años",,,,
,"127 años",,,,
,"128 años",,,,
,"129 años",,,,
,"130 años",,,,
,"131 años",,,,
,"132 años",,,,
,"133 años",,,,
,"134 años",,,,
,"135 años",,,,
,"136 años",,,,
,"137 años",,,,
,"138 años",,,,
,"139 años",,,,
,"140 años",,,,
,"141 años",,,,
,"142 años",,,,
,"143 años",,,,
,"144 años",,,,
,"145 años",,,,
,"146 años",,,,
,"147 años",,,,
,"148 años",,,,
,"149 años",,,,
,"No especificado",,,,
,"No Especificados",,,,
"1980","Menores de 1 año",,,,
,"1 año",,,,
,"2 años",,,,
,"3 años",,,,
,"4 años",,,,
,"5 años",,,,
,"6 años",,,,
,"7 años",,,,
,"8 años",,,,
,"9 años",,,,
,"10 años",,,,
,"11 años",,,,
,"12 años",,,,
,"13 años",,,,
,"14 años",,,,
,"15 años",,,,
,"16 años",,,,
,"17 años",,,,
,"18 años",,,,
,"19 años",,,,
,"20 años",,,,
,"21 años",,,,
,"22 años",,,,
,"23 años",,,,
,"24 años",,,,
,"25 años",,,,
,"26 años",,,,
,"27 años",,,,
,"28 años",,,,
,"29 años",,,,
,"30 años",,,,
,"31 años",,,,
,"32 años",,,,
,"33 años",,,,
,"34 años",,,,
,"35 años",,,,
,"36 años",,,,
,"37 años",,,,
,"38 años",,,,
,"39 años",,,,
,"40 años",,,,
,"41 años",,,,
,"42 años",,,,
,"43 años",,,,
,"44 años",,,,
,"45 años",,,,
,"46 años",,,,
,"47 años",,,,
,"48 años",,,,
,"49 años",,,,
,"50 años",,,,
,"51 años",,,,
,"52 años",,,,
,"53 años",,,,
,"54 años",,,,
,"55 años",,,,
,"56 años",,,,
,"57 años",,,,
,"58 años",,,,
,"59 años",,,,
,"60 años",,,,
,"61 años",,,,
,"62 años",,,,
,"63 años",,,,
,"64 años",,,,
,"65 años",,,,
,"66 años",,,,
,"67 años",,,,
,"68 años",,,,
,"69 años",,,,
,"70 años",,,,
,"71 años",,,,
,"72 años",,,,
,"73 años",,,,
,"74 años",,,,
,"75 años",,,,
,"76 años",,,,
,"77 años",,,,
,"78 años",,,,
,"79 años",,,,
,"80 años",,,,
,"81 años",,,,
,"82 años",,,,
,"83 años",,,,
,"84 años",,,,
,"85 años",,,,
,"86 años",,,,
,"87 años",,,,
,"88 años",,,,
,"89 años",,,,
,"90 años",,,,
,"91 años",,,,
,"92 años",,,,
,"93 años",,,,
,"94 años",,,,
,"95 años",,,,
,"96 años",,,,
,"97 años",,,,
,"98 años",,,,
,"99 años",,,,
,"100 años",,,,
,"101 años",,,,
,"102 años",,,,
,"103 años",,,,
,"104 años",,,,
,"105 años",,,,
,"106 años",,,,
,"107 años",,,,
,"108 años",,,,
,"109 años",,,,
,"110 años",,,,
,"111 años",,,,
,"112 años",,,,
,"113 años",,,,
,"114 años",,,,
,"115 años",,,,
,"116 años",,,,
,"117 años",,,,
,"118 años",,,,
,"119 años",,,,
,"120 años",,,,
,"121 años",,,,
,"122 años",,,,
,"123 años",,,,
,"124 años",,,,
,"125 años",,,,
,"126 años",,,,
,"127 años",,,,
,"128 años",,,,
,"129 años",,,,
,"130 años",,,,
,"131 años",,,,
,"132 años",,,,
,"133 años",,,,
,"134 años",,,,
,"135 años",,,,
,"136 años",,,,
,"137 años",,,,
,"138 años",,,,
,"139 años",,,,
,"140 años",,,,
,"141 años",,,,
,"142 años",,,,
,"143 años",,,,
,"144 años",,,,
,"145 años",,,,
,"146 años",,,,
,"147 años",,,,
,"148 años",,,,
,"149 años",,,,
,"No especificado",,,,
,"No Especificados",,,,
"1981","Menores de 1 año",,,,
,"1 año",,,,
,"2 años",,,,
,"3 años",,,,
,"4 años",,,,
,"5 años",,,,
,"6 años",,,,
,"7 años",,,,
,"8 años",,,,
,"9 años",,,,
,"10 años",,,,
,"11 años",,,,
,"12 años",,,,
,"13 años",,,,
,"14 años",,,,
,"15 años",,,,
,"16 años",,,,
,"17 años",,,,
,"18 años",,,,
,"19 años",,,,
,"20 años",,,,
,"21 años",,,,
,"22 años",,,,
,"23 años",,,,
,"24 años",,,,
,"25 años",,,,
,"26 años",,,,
,"27 años",,,,
,"28 años",,,,
,"29 años",,,,
,"30 años",,,,
,"31 años",,,,
,"32 años",,,,
,"33 años",,,,
,"34 años",,,,
,"35 años",,,,
,"36 años",,,,
,"37 años",,,,
,"38 años",,,,
,"39 años",,,,
,"40 años",,,,
,"41 años",,,,
,"42 años",,,,
,"43 años",,,,
,"44 años",,,,
,"45 años",,,,
,"46 años",,,,
,"47 años",,,,
,"48 años",,,,
,"49 años",,,,
,"50 años",,,,
,"51 años",,,,
,"52 años",,,,
,"53 años",,,,
,"54 años",,,,
,"55 años",,,,
,"56 años",,,,
,"57 años",,,,
,"58 años",,,,
,"59 años",,,,
,"60 años",,,,
,"61 años",,,,
,"62 años",,,,
,"63 años",,,,
,"64 años",,,,
,"65 años",,,,
,"66 años",,,,
,"67 años",,,,
,"68 años",,,,
,"69 años",,,,
,"70 años",,,,
,"71 años",,,,
,"72 años",,,,
,"73 años",,,,
,"74 años",,,,
,"75 años",,,,
,"76 años",,,,
,"77 años",,,,
,"78 años",,,,
,"79 años",,,,
,"80 años",,,,
,"81 años",,,,
,"82 años",,,,
,"83 años",,,,
,"84 años",,,,
,"85 años",,,,
,"86 años",,,,
,"87 años",,,,
,"88 años",,,,
,"89 años",,,,
,"90 años",,,,
,"91 años",,,,
,"92 años",,,,
,"93 años",,,,
,"94 años",,,,
,"95 años",,,,
,"96 años",,,,
,"97 años",,,,
,"98 años",,,,
,"99 años",,,,
,"100 años",,,,
,"101 años",,,,
,"102 años",,,,
,"103 años",,,,
,"104 años",,,,
,"105 años",,,,
,"106 años",,,,
,"107 años",,,,
,"108 años",,,,
,"109 años",,,,
,"110 años",,,,
,"111 años",,,,
,"112 años",,,,
,"113 años",,,,
,"114 años",,,,
,"115 años",,,,
,"116 años",,,,
,"117 años",,,,
,"118 años",,,,
,"119 años",,,,
,"120 años",,,,
,"121 años",,,,
,"122 años",,,,
,"123 años",,,,
,"124 años",,,,
,"125 años",,,,
,"126 años",,,,
,"127 años",,,,
,"128 años",,,,
,"129 años",,,,
,"130 años",,,,
,"131 años",,,,
,"132 años",,,,
,"133 años",,,,
,"134 años",,,,
,"135 años",,,,
,"136 años",,,,
,"137 años",,,,
,"138 años",,,,
,"139 años",,,,
,"140 años",,,,
,"141 años",,,,
,"142 años",,,,
,"143 años",,,,
,"144 años",,,,
,"145 años",,,,
,"146 años",,,,
,"147 años",,,,
,"148 años",,,,
,"149 años",,,,
,"No especificado",,,,
,"No Especificados",,,,
"1982","Menores de 1 año",,,,
,"1 año",,,,
,"2 años",,,,
,"3 años",,,,
,"4 años",,,,
,"5 años",,,,
,"6 años",,,,
,"7 años",,,,
,"8 años",,,,
,"9 años",,,,
,"10 años",,,,
,"11 años",,,,
,"12 años",,,,
,"13 años",,,,
,"14 años",,,,
,"15 años",,,,
,"16 años",,,,
,"17 años",,,,
,"18 años",,,,
,"19 años",,,,
,"20 años",,,,
,"21 años",,,,
,"22 años",,,,
,"23 años",,,,
,"24 años",,,,
,"25 años",,,,
,"26 años",,,,
,"27 años",,,,
,"28 años",,,,
,"29 años",,,,
,"30 años",,,,
,"31 años",,,,
,"32 años",,,,
,"33 años",,,,
,"34 años",,,,
,"35 años",,,,
,"36 años",,,,
,"37 años",,,,
,"38 años",,,,
,"39 años",,,,
,"40 años",,,,
,"41 años",,,,
,"42 años",,,,
,"43 años",,,,
,"44 años",,,,
,"45 años",,,,
,"46 años",,,,
,"47 años",,,,
,"48 años",,,,
,"49 años",,,,
,"50 años",,,,
,"51 años",,,,
,"52 años",,,,
,"53 años",,,,
,"54 años",,,,
,"55 años",,,,
,"56 años",,,,
,"57 años",,,,
,"58 años",,,,
,"59 años",,,,
,"60 años",,,,
,"61 años",,,,
,"62 años",,,,
,"63 años",,,,
,"64 años",,,,
,"65 años",,,,
,"66 años",,,,
,"67 años",,,,
,"68 años",,,,
,"69 años",,,,
,"70 años",,,,
,"71 años",,,,
,"72 años",,,,
,"73 años",,,,
,"74 años",,,,
,"75 años",,,,
,"76 años",,,,
,"77 años",,,,
,"78 años",,,,
,"79 años",,,,
,"80 años",,,,
,"81 años",,,,
,"82 años",,,,
,"83 años",,,,
,"84 años",,,,
,"85 años",,,,
,"86 años",,,,
,"87 años",,,,
,"88 años",,,,
,"89 años",,,,
,"90 años",,,,
,"91 años",,,,
,"92 años",,,,
,"93 años",,,,
,"94 años",,,,
,"95 años",,,,
,"96 años",,,,
,"97 años",,,,
,"98 años",,,,
,"99 años",,,,
,"100 años",,,,
,"101 años",,,,
,"102 años",,,,
,"103 años",,,,
,"104 años",,,,
,"105 años",,,,
,"106 años",,,,
,"107 años",,,,
,"108 años",,,,
,"109 años",,,,
,"110 años",,,,
,"111 años",,,,
,"112 años",,,,
,"113 años",,,,
,"114 años",,,,
,"115 años",,,,
,"116 años",,,,
,"117 años",,,,
,"118 años",,,,
,"119 años",,,,
,"120 años",,,,
,"121 años",,,,
,"122 años",,,,
,"123 años",,,,
,"124 años",,,,
,"125 años",,,,
,"126 años",,,,
,"127 años",,,,
,"128 años",,,,
,"129 años",,,,
,"130 años",,,,
,"131 años",,,,
,"132 años",,,,
,"133 años",,,,
,"134 años",,,,
,"135 años",,,,
,"136 años",,,,
,"137 años",,,,
,"138 años",,,,
,"139 años",,,,
,"140 años",,,,
,"141 años",,,,
,"142 años",,,,
,"143 años",,,,
,"144 años",,,,
,"145 años",,,,
,"146 años",,,,
,"147 años",,,,
,"148 años",,,,
,"149 años",,,,
,"No especificado",,,,
,"No Especificados",,,,
"1983","Menores de 1 año",,,,
,"1 año",,,,
,"2 años",,,,
,"3 años",,,,
,"4 años",,,,
,"5 años",,,,
,"6 años",,,,
,"7 años",,,,
,"8 años",,,,
,"9 años",,,,
,"10 años",,,,
,"11 años",,,,
,"12 años",,,,
,"13 años",,,,
,"14 años",,,,
,"15 años",,,,
,"16 años",,,,
,"17 años",,,,
,"18 años",,,,
,"19 años",,,,
,"20 años",,,,
,"21 años",,,,
,"22 años",,,,
,"23 años",,,,
,"24 años",,,,
,"25 años",,,,
,"26 años",,,,
,"27 años",,,,
,"28 años",,,,
,"29 años",,,,
,"30 años",,,,
,"31 años",,,,
,"32 años",,,,
,"33 años",,,,
,"34 años",,,,
,"35 años",,,,
,"36 años",,,,
,"37 años",,,,
,"38 años",,,,
,"39 años",,,,
,"40 años",,,,
,"41 años",,,,
,"42 años",,,,
,"43 años",,,,
,"44 años",,,,
,"45 años",,,,
,"46 años",,,,
,"47 años",,,,
,"48 años",,,,
,"49 años",,,,
,"50 años",,,,
,"51 años",,,,
,"52 años",,,,
,"53 años",,,,
,"54 años",,,,
,"55 años",,,,
,"56 años",,,,
,"57 años",,,,
,"58 años",,,,
,"59 años",,,,
,"60 años",,,,
,"61 años",,,,
,"62 años",,,,
,"63 años",,,,
,"64 años",,,,
,"65 años",,,,
,"66 años",,,,
,"67 años",,,,
,"68 años",,,,
,"69 años",,,,
,"70 años",,,,
,"71 años",,,,
,"72 años",,,,
,"73 años",,,,
,"74 años",,,,
,"75 años",,,,
,"76 años",,,,
,"77 años",,,,
,"78 años",,,,
,"79 años",,,,
,"80 años",,,,
,"81 años",,,,
,"82 años",,,,
,"83 años",,,,
,"84 años",,,,
,"85 años",,,,
,"86 años",,,,
,"87 años",,,,
,"88 años",,,,
,"89 años",,,,
,"90 años",,,,
,"91 años",,,,
,"92 años",,,,
,"93 años",,,,
,"94 años",,,,
,"95 años",,,,
,"96 años",,,,
,"97 años",,,,
,"98 años",,,,
,"99 años",,,,
,"100 años",,,,
,"101 años",,,,
,"102 años",,,,
,"103 años",,,,
,"104 años",,,,
,"105 años",,,,
,"106 años",,,,
,"107 años",,,,
,"108 años",,,,
,"109 años",,,,
,"110 años",,,,
,"111 años",,,,
,"112 años",,,,
,"113 años",,,,
,"114 años",,,,
,"115 años",,,,
,"116 años",,,,
,"117 años",,,,
,"118 años",,,,
,"119 años",,,,
,"120 años",,,,
,"121 años",,,,
,"122 años",,,,
,"123 años",,,,
,"124 años",,,,
,"125 años",,,,
,"126 años",,,,
,"127 años",,,,
,"128 años",,,,
,"129 años",,,,
,"130 años",,,,
,"131 años",,,,
,"132 años",,,,
,"133 años",,,,
,"134 años",,,,
,"135 años",,,,
,"136 años",,,,
,"137 años",,,,
,"138 años",,,,
,"139 años",,,,
,"140 años",,,,
,"141 años",,,,
,"142 años",,,,
,"143 años",,,,
,"144 años",,,,
,"145 años",,,,
,"146 años",,,,
,"147 años",,,,
,"148 años",,,,
,"149 años",,,,
,"No especificado",,,,
,"No Especificados",,,,
"1984","Menores de 1 año",,,,
,"1 año",,,,
,"2 años",,,,
,"3 años",,,,
,"4 años",,,,
,"5 años",,,,
,"6 años",,,,
,"7 años",,,,
,"8 años",,,,
,"9 años",,,,
,"10 años",,,,
,"11 años",,,,
,"12 años",,,,
,"13 años",,,,
,"14 años",,,,
,"15 años",,,,
,"16 años",,,,
,"17 años",,,,
,"18 años",,,,
,"19 años",,,,
,"20 años",,,,
,"21 años",,,,
,"22 años",,,,
,"23 años",,,,
,"24 años",,,,
,"25 años",,,,
,"26 años",,,,
,"27 años",,,,
,"28 años",,,,
,"29 años",,,,
,"30 años",,,,
,"31 años",,,,
,"32 años",,,,
,"33 años",,,,
,"34 años",,,,
,"35 años",,,,
,"36 años",,,,
,"37 años",,,,
,"38 años",,,,
,"39 años",,,,
,"40 años",,,,
,"41 años",,,,
,"42 años",,,,
,"43 años",,,,
,"44 años",,,,
,"45 años",,,,
,"46 años",,,,
,"47 años",,,,
,"48 años",,,,
,"49 años",,,,
,"50 años",,,,
,"51 años",,,,
,"52 años",,,,
,"53 años",,,,
,"54 años",,,,
,"55 años",,,,
,"56 años",,,,
,"57 años",,,,
,"58 años",,,,
,"59 años",,,,
,"60 años",,,,
,"61 años",,,,
,"62 años",,,,
,"63 años",,,,
,"64 años",,,,
,"65 años",,,,
,"66 años",,,,
,"67 años",,,,
,"68 años",,,,
,"69 años",,,,
,"70 años",,,,
,"71 años",,,,
,"72 años",,,,
,"73 años",,,,
,"74 años",,,,
,"75 años",,,,
,"76 años",,,,
,"77 años",,,,
,"78 años",,,,
,"79 años",,,,
,"80 años",,,,
,"81 años",,,,
,"82 años",,,,
,"83 años",,,,
,"84 años",,,,
,"85 años",,,,
,"86 años",,,,
,"87 años",,,,
,"88 años",,,,
,"89 años",,,,
,"90 años",,,,
,"91 años",,,,
,"92 años",,,,
,"93 años",,,,
,"94 años",,,,
,"95 años",,,,
,"96 años",,,,
,"97 años",,,,
,"98 años",,,,
,"99 años",,,,
,"100 años",,,,
,"101 años",,,,
,"102 años",,,,
,"103 años",,,,
,"104 años",,,,
,"105 años",,,,
,"106 años",,,,
,"107 años",,,,
,"108 años",,,,
,"109 años",,,,
,"110 años",,,,
,"111 años",,,,
,"112 años",,,,
,"113 años",,,,
,"114 años",,,,
,"115 años",,,,
,"116 años",,,,
,"117 años",,,,
,"118 años",,,,
,"119 años",,,,
,"120 años",,,,
,"121 años",,,,
,"122 años",,,,
,"123 años",,,,
,"124 años",,,,
,"125 años",,,,
,"126 años",,,,
,"127 años",,,,
,"128 años",,,,
,"129 años",,,,
,"130 años",,,,
,"131 años",,,,
,"132 años",,,,
,"133 años",,,,
,"134 años",,,,
,"135 años",,,,
,"136 años",,,,
,"137 años",,,,
,"138 años",,,,
,"139 años",,,,
,"140 años",,,,
,"141 años",,,,
,"142 años",,,,
,"143 años",,,,
,"144 años",,,,
,"145 años",,,,
,"146 años",,,,
,"147 años",,,,
,"148 años",,,,
,"149 años",,,,
,"No especificado",,,,
,"No Especificados",,,,
"1985","Menores de 1 año",35,14,,49
,"1 año",20,11,,31
,"2 años",19,12,,31
,"3 años",14,12,1,27
,"4 años",5,5,,10
,"5 años",11,5,,16
,"6 años",12,5,,17
,"7 años",9,5,,14
,"8 años",13,9,,22
,"9 años",12,3,,15
,"10 años",7,2,,9
,"11 años",5,5,,10
,"12 años",23,2,,25
,"13 años",24,7,,31
,"14 años",21,8,,29
,"15 años",30,13,,43
,"16 años",59,12,,71
,"17 años",89,7,,96
,"18 años",170,18,1,189
,"19 años",137,10,,147
,"20 años",202,14,,216
,"21 años",125,8,,133
,"22 años",207,14,1,222
,"23 años",156,16,2,174
,"24 años",188,13,1,202
,"25 años",233,21,4,258
,"26 años",182,10,,192
,"27 años",158,11,,169
,"28 años",189,7,,196
,"29 años",91,14,1,106
,"30 años",229,12,2,243
,"31 años",93,4,,97
,"32 años",139,10,1,150
,"33 años",96,3,,99
,"34 años",97,4,1,102
,"35 años",194,18,1,213
,"36 años",113,12,2,127
,"37 años",88,11,,99
,"38 años",165,11,,176
,"39 años",72,8,,80
,"40 años",188,16,2,206
,"41 años",54,3,,57
,"42 años",108,7,,115
,"43 años",74,5,1,80
,"44 años",69,3,,72
,"45 años",165,13,2,180
,"46 años",78,3,1,82
,"47 años",59,2,1,62
,"48 años",74,6,,80
,"49 años",50,2,1,53
,"50 años",126,8,2,136
,"51 años",26,5,,31
,"52 años",62,4,,66
,"53 años",26,1,,27
,"54 años",41,5,1,47
,"55 años",77,10,,87
,"56 años",50,1,,51
,"57 años",37,2,,39
,"58 años",56,8,,64
,"59 años",28,5,,33
,"60 años",84,7,1,92
,"61 años",16,2,,18
,"62 años",22,5,,27
,"63 años",13,3,,16
,"64 años",28,2,,30
,"65 años",61,7,,68
,"66 años",14,4,,18
,"67 años",15,5,,20
,"68 años",14,2,,16
,"69 años",11,1,,12
,"70 años",42,14,,56
,"71 años",2,2,,4
,"72 años",15,2,,17
,"73 años",10,,,10
,"74 años",5,4,,9
,"75 años",22,6,,28
,"76 años",6,3,,9
,"77 años",6,,,6
,"78 años",5,1,,6
,"79 años",8,5,,13
,"80 años",12,7,,19
,"81 años",3,,,3
,"82 años",6,2,,8
,"83 años",1,1,,2
,"84 años",7,2,,9
,"85 años",9,4,,13
,"86 años",1,,,1
,"87 años",1,,,1
,"88 años",1,1,,2
,"89 años",1,,,1
,"90 años",3,1,,4
,"91 años",,,,
,"92 años",,,,
,"93 años",2,,,2
,"94 años",,,,
,"95 años",,1,,1
,"96 años",1,,,1
,"97 años",,,,
,"98 años",1,,,1
,"99 años",,,,
,"100 años",,,,
,"101 años",,,,
,"102 años",,,,
,"103 años",,,,
,"104 años",,,,
,"105 años",,,,
,"106 años",,,,
,"107 años",,,,
,"108 años",,,,
,"109 años",,,,
,"110 años",,,,
,"111 años",,,,
,"112 años",,,,
,"113 años",,,,
,"114 años",,,,
,"115 años",,,,
,"116 años",,,,
,"117 años",,,,
,"118 años",,,,
,"119 años",,,,
,"120 años",,,,
,"121 años",,,,
,"122 años",,,,
,"123 años",,,,
,"124 años",,,,
,"125 años",,,,
,"126 años",,,,
,"127 años",,,,
,"128 años",,,,
,"129 años",,,,
,"130 años",,,,
,"131 años",,,,
,"132 años",,,,
,"133 años",,,,
,"134 años",,,,
,"135 años",,,,
,"136 años",,,,
,"137 años",,,,
,"138 años",,,,
,"139 años",,,,
,"140 años",,,,
,"141 años",,,,
,"142 años",,,,
,"143 años",,,,
,"144 años",,,,
,"145 años",,,,
,"146 años",,,,
,"147 años",,,,
,"148 años",,,,
,"149 años",,,,
,"No especificado",99,15,3,117
,"No Especificados",,,,
"1986","Menores de 1 año",19,15,1,35
,"1 año",9,11,,20
,"2 años",13,8,,21
,"3 años",7,10,,17
,"4 años",10,7,,17
,"5 años",9,5,,14
,"6 años",6,5,,11
,"7 años",8,4,,12
,"8 años",18,4,,22
,"9 años",10,6,1,17
,"10 años",13,3,,16
,"11 años",18,6,,24
,"12 años",20,8,,28
,"13 años",10,2,1,13
,"14 años",30,10,,40
,"15 años",38,8,1,47
,"16 años",64,6,2,72
,"17 años",91,12,1,104
,"18 años",133,12,,145
,"19 años",125,17,,142
,"20 años",173,17,,190
,"21 años",122,13,3,138
,"22 años",202,14,1,217
,"23 años",178,7,,185
,"24 años",168,12,,180
,"25 años",236,29,,265
,"26 años",172,16,1,189
,"27 años",144,13,,157
,"28 años",190,10,,200
,"29 años",103,4,,107
,"30 años",241,17,,258
,"31 años",79,3,,82
,"32 años",141,12,,153
,"33 años",60,5,,65
,"34 años",93,15,2,110
,"35 años",230,18,1,249
,"36 años",134,13,2,149
,"37 años",94,3,,97
,"38 años",134,12,1,147
,"39 años",79,4,,83
,"40 años",164,17,,181
,"41 años",52,5,1,58
,"42 años",95,8,,103
,"43 años",58,6,,64
,"44 años",75,3,,78
,"45 años",136,20,1,157
,"46 años",68,3,1,72
,"47 años",55,6,,61
,"48 años",90,5,,95
,"49 años",49,7,,56
,"50 años",91,15,1,107
,"51 años",40,3,,43
,"52 años",40,4,,44
,"53 años",34,3,,37
,"54 años",34,4,,38
,"55 años",95,11,1,107
,"56 años",37,7,,44
,"57 años",36,1,,37
,"58 años",33,4,1,38
,"59 años",20,2,,22
,"60 años",86,16,,102
,"61 años",16,1,,17
,"62 años",21,2,1,24
,"63 años",26,4,,30
,"64 años",15,1,,16
,"65 años",49,9,1,59
,"66 años",16,1,1,18
,"67 años",11,2,,13
,"68 años",9,3,,12
,"69 años",9,2,,11
,"70 años",31,7,,38
,"71 años",9,1,,10
,"72 años",13,3,,16
,"73 años",8,1,,9
,"74 años",7,3,,10
,"75 años",17,8,,25
,"76 años",11,,,11
,"77 años",10,,,10
,"78 años",7,,,7
,"79 años",4,,,4
,"80 años",4,6,,10
,"81 años",,,,
,"82 años",4,,,4
,"83 años",2,,,2
,"84 años",2,1,,3
,"85 años",7,,1,8
,"86 años",1,1,,2
,"87 años",3,,,3
,"88 años",3,1,,4
,"89 años",1,,,1
,"90 años",3,,,3
,"91 años",,1,,1
,"92 años",2,,,2
,"93 años",,,,
,"94 años",,,,
,"95 años",,,,
,"96 años",,,,
,"97 años",,,,
,"98 años",1,1,,2
,"99 años",1,,,1
,"100 años",,,,
,"101 años",,,,
,"102 años",,,,
,"103 años",,,,
,"104 años",1,,,1
,"105 años",,,,
,"106 años",,,,
,"107 años",,,,
,"108 años",,,,
,"109 años",,,,
,"110 años",,,,
,"111 años",,,,
,"112 años",,,,
,"113 años",,,,
,"114 años",,,,
,"115 años",,,,
,"116 años",,,,
,"117 años",,,,
,"118 años",,,,
,"119 años",,,,
,"120 años",,,,
,"121 años",,,,
,"122 años",,,,
,"123 años",,,,
,"124 años",,,,
,"125 años",,,,
,"126 años",,,,
,"127 años",,,,
,"128 años",,,,
,"129 años",,,,
,"130 años",,,,
,"131 años",,,,
,"132 años",,,,
,"133 años",,,,
,"134 años",,,,
,"135 años",,,,
,"136 años",,,,
,"137 años",,,,
,"138 años",,,,
,"139 años",,,,
,"140 años",,,,
,"141 años",,,,
,"142 años",,,,
,"143 años",,,,
,"144 años",,,,
,"145 años",,,,
,"146 años",,,,
,"147 años",,,,
,"148 años",,,,
,"149 años",,,,
,"No especificado",90,17,4,111
,"No Especificados",,,,
"1987","Menores de 1 año",23,12,,35
,"1 año",11,8,,19
,"2 años",15,7,,22
,"3 años",12,10,,22
,"4 años",11,3,,14
,"5 años",6,5,,11
,"6 años",1,5,,6
,"7 años",10,5,1,16
,"8 años",9,4,,13
,"9 años",15,7,,22
,"10 años",14,3,1,18
,"11 años",18,4,,22
,"12 años",19,4,,23
,"13 años",25,10,,35
,"14 años",22,10,,32
,"15 años",36,7,,43
,"16 años",55,9,,64
,"17 años",116,15,1,132
,"18 años",151,11,1,163
,"19 años",161,12,,173
,"20 años",160,12,,172
,"21 años",154,10,,164
,"22 años",227,11,1,239
,"23 años",175,8,,183
,"24 años",169,11,,180
,"25 años",265,15,2,282
,"26 años",164,9,1,174
,"27 años",170,8,,178
,"28 años",209,11,4,224
,"29 años",145,5,,150
,"30 años",215,27,,242
,"31 años",104,1,,105
,"32 años",169,15,,184
,"33 años",103,5,1,109
,"34 años",96,9,2,107
,"35 años",179,19,1,199
,"36 años",122,6,,128
,"37 años",128,10,,138
,"38 años",141,13,,154
,"39 años",68,12,,80
,"40 años",143,25,2,170
,"41 años",59,5,,64
,"42 años",108,11,,119
,"43 años",90,7,,97
,"44 años",71,2,,73
,"45 años",113,20,1,134
,"46 años",72,2,,74
,"47 años",68,7,,75
,"48 años",98,6,,104
,"49 años",41,3,,44
,"50 años",101,11,3,115
,"51 años",37,4,1,42
,"52 años",58,1,2,61
,"53 años",40,7,,47
,"54 años",52,2,,54
,"55 años",80,5,,85
,"56 años",35,7,,42
,"57 años",43,2,,45
,"58 años",50,3,,53
,"59 años",23,3,,26
,"60 años",76,6,,82
,"61 años",12,,,12
,"62 años",30,6,,36
,"63 años",23,3,,26
,"64 años",17,,,17
,"65 años",41,9,1,51
,"66 años",14,2,,16
,"67 años",18,4,,22
,"68 años",12,5,,17
,"69 años",13,,,13
,"70 años",32,9,,41
,"71 años",4,,,4
,"72 años",10,3,,13
,"73 años",15,1,,16
,"74 años",6,1,,7
,"75 años",28,8,,36
,"76 años",12,4,,16
,"77 años",6,,,6
,"78 años",10,,,10
,"79 años",2,3,,5
,"80 años",8,5,,13
,"81 años",2,1,,3
,"82 años",4,,,4
,"83 años",3,1,,4
,"84 años",2,1,,3
,"85 años",8,5,,13
,"86 años",3,,,3
,"87 años",1,,,1
,"88 años",,,,
,"89 años",1,,,1
,"90 años",,1,,1
,"91 años",,,,
,"92 años",1,1,,2
,"93 años",,1,,1
,"94 años",,,,
,"95 años",1,,,1
,"96 años",,,,
,"97 años",,,,
,"98 años",,,,
,"99 años",,,,
,"100 años",,,,
,"101 años",,,,
,"102 años",,,,
,"103 años",,,,
,"104 años",,,,
,"105 años",,,,
,"106 años",,,,
,"107 años",,1,,1
,"108 años",,,,
,"109 años",,,,
,"110 años",,1,,1
,"111 años",,,,
,"112 años",,,,
,"113 años",,,,
,"114 años",,,,
,"115 años",,,,
,"116 años",,,,
,"117 años",,,,
,"118 años",,,,
,"119 años",,,,
,"120 años",,,,
,"121 años",,,,
,"122 años",,,,
,"123 años",,,,
,"124 años",,,,
,"125 años",,,,
,"126 años",,,,
,"127 años",,,,
,"128 años",,,,
,"129 años",,,,
,"130 años",,,,
,"131 años",,,,
,"132 años",,,,
,"133 años",,,,
,"134 años",,,,
,"135 años",,,,
,"136 años",,,,
,"137 años",,,,
,"138 años",,,,
,"139 años",,,,
,"140 años",,,,
,"141 años",,,,
,"142 años",,,,
,"143 años",,,,
,"144 años",,,,
,"145 años",,,,
,"146 años",,,,
,"147 años",,,,
,"148 años",,,,
,"149 años",,,,
,"No especificado",93,5,,98
,"No Especificados",,,,
"1988","Menores de 1 año",40,19,3,62
,"1 año",29,19,,48
,"2 años",23,21,,44
,"3 años",20,9,,29
,"4 años",12,2,,14
,"5 años",9,3,,12
,"6 años",7,8,,15
,"7 años",16,6,,22
,"8 años",8,6,,14
,"9 años",15,6,,21
,"10 años",10,9,,19
,"11 años",16,5,,21
,"12 años",13,6,,19
,"13 años",24,5,,29
,"14 años",28,9,,37
,"15 años",43,13,,56
,"16 años",79,13,,92
,"17 años",113,19,1,133
,"18 años",146,20,,166
,"19 años",137,14,,151
,"20 años",183,15,,198
,"21 años",152,15,,167
,"22 años",187,12,,199
,"23 años",168,10,1,179
,"24 años",188,15,1,204
,"25 años",224,22,,246
,"26 años",180,16,,196
,"27 años",175,15,,190
,"28 años",186,11,1,198
,"29 años",147,12,,159
,"30 años",209,18,1,228
,"31 años",103,6,1,110
,"32 años",146,12,,158
,"33 años",134,12,1,147
,"34 años",97,8,,105
,"35 años",154,19,1,174
,"36 años",107,10,,117
,"37 años",82,2,,84
,"38 años",150,4,,154
,"39 años",100,2,,102
,"40 años",154,21,,175
,"41 años",67,5,,72
,"42 años",90,9,,99
,"43 años",65,8,,73
,"44 años",68,8,1,77
,"45 años",116,14,,130
,"46 años",58,3,,61
,"47 años",51,1,1,53
,"48 años",92,8,1,101
,"49 años",40,2,,42
,"50 años",86,13,1,100
,"51 años",44,4,,48
,"52 años",68,7,,75
,"53 años",49,2,1,52
,"54 años",42,8,,50
,"55 años",78,6,,84
,"56 años",38,8,1,47
,"57 años",29,6,1,36
,"58 años",52,3,,55
,"59 años",25,3,,28
,"60 años",75,14,1,90
,"61 años",15,1,,16
,"62 años",25,4,,29
,"63 años",25,3,,28
,"64 años",16,3,,19
,"65 años",41,7,,48
,"66 años",13,,,13
,"67 años",12,2,,14
,"68 años",20,3,,23
,"69 años",8,1,,9
,"70 años",36,5,,41
,"71 años",8,4,,12
,"72 años",8,,,8
,"73 años",14,1,,15
,"74 años",5,1,,6
,"75 años",18,1,,19
,"76 años",3,1,,4
,"77 años",8,1,,9
,"78 años",7,3,,10
,"79 años",4,1,,5
,"80 años",11,5,,16
,"81 años",3,,,3
,"82 años",2,1,,3
,"83 años",2,1,1,4
,"84 años",3,1,,4
,"85 años",4,3,,7
,"86 años",3,1,,4
,"87 años",3,3,,6
,"88 años",5,2,,7
,"89 años",,,,
,"90 años",1,2,,3
,"91 años",1,,,1
,"92 años",,,,
,"93 años",,,,
,"94 años",,,,
,"95 años",2,,,2
,"96 años",,,,
,"97 años",,,,
,"98 años",1,,,1
,"99 años",1,,,1
,"100 años",,,,
,"101 años",,,,
,"102 años",,,,
,"103 años",1,,,1
,"104 años",,,,
,"105 años",,,,
,"106 años",,,,
,"107 años",,,,
,"108 años",,,,
,"109 años",,,,
,"110 años",,,,
,"111 años",,,,
,"112 años",,,,
,"113 años",,,,
,"114 años",,,,
,"115 años",,,,
,"116 años",,,,
,"117 años",,,,
,"118 años",,,,
,"119 años",,,,
,"120 años",,,,
,"121 años",,,,
,"122 años",,,,
,"123 años",,,,
,"124 años",,,,
,"125 años",,,,
,"126 años",,,,
,"127 años",,,,
,"128 años",,,,
,"129 años",,,,
,"130 años",,,,
,"131 años",,,,
,"132 años",,,,
,"133 años",,,,
,"134 años",,,,
,"135 años",,,,
,"136 años",,,,
,"137 años",,,,
,"138 años",,,,
,"139 años",,,,
,"140 años",,,,
,"141 años",,,,
,"142 años",,,,
,"143 años",,,,
,"144 años",,,,
,"145 años",,,,
,"146 años",,,,
,"147 años",,,,
,"148 años",,,,
,"149 años",,,,
,"No especificado",108,17,5,130
,"No Especificados",,,,
"1989","Menores de 1 año",40,34,,74
,"1 año",36,20,1,57
,"2 años",37,20,,57
,"3 años",21,12,,33
,"4 años",23,12,,35
,"5 años",15,4,1,20
,"6 años",19,10,1,30
,"7 años",11,6,,17
,"8 años",12,8,,20
,"9 años",17,10,,27
,"10 años",22,3,,25
,"11 años",14,7,,21
,"12 años",20,11,,31
,"13 años",21,5,,26
,"14 años",29,7,,36
,"15 años",52,11,,63
,"16 años",78,16,,94
,"17 años",126,14,,140
,"18 años",148,19,,167
,"19 años",154,11,1,166
,"20 años",200,17,,217
,"21 años",142,12,2,156
,"22 años",212,23,,235
,"23 años",189,22,,211
,"24 años",210,15,1,226
,"25 años",245,17,1,263
,"26 años",187,8,2,197
,"27 años",179,18,1,198
,"28 años",217,15,,232
,"29 años",162,14,,176
,"30 años",235,23,,258
,"31 años",102,7,1,110
,"32 años",165,13,2,180
,"33 años",136,9,,145
,"34 años",137,12,,149
,"35 años",185,19,,204
,"36 años",138,9,2,149
,"37 años",91,8,,99
,"38 años",157,13,2,172
,"39 años",106,10,1,117
,"40 años",151,9,1,161
,"41 años",61,7,,68
,"42 años",99,6,,105
,"43 años",70,10,,80
,"44 años",79,10,1,90
,"45 años",128,20,1,149
,"46 años",69,12,,81
,"47 años",64,5,1,70
,"48 años",79,14,,93
,"49 años",50,4,1,55
,"50 años",92,17,1,110
,"51 años",37,2,,39
,"52 años",59,2,,61
,"53 años",64,9,,73
,"54 años",60,9,,69
,"55 años",99,7,,106
,"56 años",46,7,,53
,"57 años",34,3,,37
,"58 años",56,6,,62
,"59 años",31,1,,32
,"60 años",78,9,1,88
,"61 años",20,2,,22
,"62 años",25,4,,29
,"63 años",37,10,,47
,"64 años",35,6,,41
,"65 años",53,8,,61
,"66 años",25,3,,28
,"67 años",15,6,,21
,"68 años",22,3,1,26
,"69 años",13,,,13
,"70 años",38,6,,44
,"71 años",9,1,,10
,"72 años",9,5,,14
,"73 años",11,1,,12
,"74 años",10,3,,13
,"75 años",17,1,,18
,"76 años",8,3,,11
,"77 años",5,,,5
,"78 años",12,2,,14
,"79 años",5,2,,7
,"80 años",11,5,,16
,"81 años",2,3,,5
,"82 años",5,2,,7
,"83 años",5,1,,6
,"84 años",8,5,,13
,"85 años",7,5,,12
,"86 años",3,4,,7
,"87 años",4,1,,5
,"88 años",1,1,,2
,"89 años",2,1,,3
,"90 años",4,1,,5
,"91 años",,,,
,"92 años",,,,
,"93 años",1,,,1
,"94 años",,2,,2
,"95 años",,,,
,"96 años",,,,
,"97 años",,,,
,"98 años",6,,,6
,"99 años",8,,1,9
,"100 años",1,,,1
,"101 años",,,,
,"102 años",,,,
,"103 años",,,,
,"104 años",,,,
,"105 años",,,,
,"106 años",,,,
,"107 años",,,,
,"108 años",,,,
,"109 años",,,,
,"110 años",,,,
,"111 años",,,,
,"112 años",,,,
,"113 años",,,,
,"114 años",,,,
,"115 años",,,,
,"116 años",,,,
,"117 años",,,,
,"118 años",,,,
,"119 años",,,,
,"120 años",,,,
,"121 años",,,,
,"122 años",,,,
,"123 años",,,,
,"124 años",,,,
,"125 años",,,,
,"126 años",,,,
,"127 años",,,,
,"128 años",,,,
,"129 años",,,,
,"130 años",,,,
,"131 años",,,,
,"132 años",,,,
,"133 años",,,,
,"134 años",,,,
,"135 años",,,,
,"136 años",,,,
,"137 años",,,,
,"138 años",,,,
,"139 años",,,,
,"140 años",,,,
,"141 años",,,,
,"142 años",,,,
,"143 años",,,,
,"144 años",,,,
,"145 años",,,,
,"146 años",,,,
,"147 años",,,,
,"148 años",,,,
,"149 años",,,,
,"No especificado",136,17,11,164
,"No Especificados",,,,
"1990","Menores de 1 año",52,38,1,91
,"1 año",25,13,1,39
,"2 años",24,23,,47
,"3 años",13,11,,24
,"4 años",11,12,,23
,"5 años",19,9,,28
,"6 años",18,8,,26
,"7 años",13,11,1,25
,"8 años",11,6,,17
,"9 años",15,5,,20
,"10 años",12,8,,20
,"11 años",17,6,,23
,"12 años",15,9,,24
,"13 años",24,13,,37
,"14 años",37,7,,44
,"15 años",60,18,1,79
,"16 años",76,13,,89
,"17 años",119,23,,142
,"18 años",161,18,,179
,"19 años",136,12,,148
,"20 años",189,15,,204
,"21 años",138,12,,150
,"22 años",212,26,1,239
,"23 años",171,16,1,188
,"24 años",167,17,,184
,"25 años",200,19,,219
,"26 años",203,16,,219
,"27 años",182,22,1,205
,"28 años",193,6,,199
,"29 años",170,14,,184
,"30 años",225,14,4,243
,"31 años",113,8,,121
,"32 años",151,13,,164
,"33 años",125,13,,138
,"34 años",118,9,,127
,"35 años",200,15,,215
,"36 años",123,12,,135
,"37 años",98,10,1,109
,"38 años",118,12,1,131
,"39 años",97,6,1,104
,"40 años",172,20,,192
,"41 años",59,5,,64
,"42 años",99,13,,112
,"43 años",67,8,,75
,"44 años",82,8,,90
,"45 años",114,17,,131
,"46 años",79,4,,83
,"47 años",56,7,,63
,"48 años",113,11,1,125
,"49 años",65,5,,70
,"50 años",91,5,,96
,"51 años",39,4,,43
,"52 años",60,5,,65
,"53 años",58,6,,64
,"54 años",65,2,,67
,"55 años",81,9,1,91
,"56 años",37,4,,41
,"57 años",51,5,,56
,"58 años",48,7,,55
,"59 años",26,1,1,28
,"60 años",84,11,,95
,"61 años",17,5,,22
,"62 años",40,2,1,43
,"63 años",30,2,,32
,"64 años",28,7,1,36
,"65 años",57,10,,67
,"66 años",20,1,,21
,"67 años",23,4,,27
,"68 años",28,3,,31
,"69 años",10,2,,12
,"70 años",33,4,,37
,"71 años",7,2,,9
,"72 años",16,6,,22
,"73 años",10,,,10
,"74 años",7,2,1,10
,"75 años",13,5,,18
,"76 años",11,2,,13
,"77 años",8,1,,9
,"78 años",12,3,,15
,"79 años",9,2,,11
,"80 años",16,2,,18
,"81 años",2,1,,3
,"82 años",3,1,,4
,"83 años",3,2,,5
,"84 años",1,9,,10
,"85 años",5,3,,8
,"86 años",2,3,,5
,"87 años",4,2,,6
,"88 años",3,,,3
,"89 años",1,1,,2
,"90 años",7,3,,10
,"91 años",,,,
,"92 años",1,,,1
,"93 años",1,,,1
,"94 años",1,,,1
,"95 años",1,3,,4
,"96 años",,,,
,"97 años",,,,
,"98 años",12,2,1,15
,"99 años",2,,1,3
,"100 años",,,,
,"101 años",1,,,1
,"102 años",,,,
,"103 años",,,,
,"104 años",,,,
,"105 años",,,,
,"106 años",,,,
,"107 años",,,,
,"108 años",,,,
,"109 años",,,,
,"110 años",,,,
,"111 años",,,,
,"112 años",,,,
,"113 años",,,,
,"114 años",,,,
,"115 años",,,,
,"116 años",,,,
,"117 años",,,,
,"118 años",,,,
,"119 años",,,,
,"120 años",,,,
,"121 años",,,,
,"122 años",,,,
,"123 años",,,,
,"124 años",,,,
,"125 años",,,,
,"126 años",,,,
,"127 años",,,,
,"128 años",,,,
,"129 años",,,,
,"130 años",,,,
,"131 años",,,,
,"132 años",,,,
,"133 años",,,,
,"134 años",,,,
,"135 años",,,,
,"136 años",,,,
,"137 años",,,,
,"138 años",,,,
,"139 años",,,,
,"140 años",,,,
,"141 años",,,,
,"142 años",,,,
,"143 años",,,,
,"144 años",,,,
,"145 años",,,,
,"146 años",,,,
,"147 años",,,,
,"148 años",,,,
,"149 años",,,,
,"No especificado",107,15,5,127
,"No Especificados",,,,
"1991","Menores de 1 año",48,34,3,85
,"1 año",31,16,1,48
,"2 años",38,19,,57
,"3 años",13,9,,22
,"4 años",14,14,,28
,"5 años",16,15,1,32
,"6 años",19,6,,25
,"7 años",18,3,,21
,"8 años",10,4,,14
,"9 años",17,9,,26
,"10 años",15,7,,22
,"11 años",18,4,1,23
,"12 años",20,7,,27
,"13 años",39,10,,49
,"14 años",38,15,,53
,"15 años",40,14,,54
,"16 años",90,16,,106
,"17 años",104,27,,131
,"18 años",189,23,,212
,"19 años",163,12,,175
,"20 años",185,21,1,207
,"21 años",205,16,1,222
,"22 años",246,17,,263
,"23 años",206,17,1,224
,"24 años",207,9,,216
,"25 años",227,18,,245
,"26 años",180,14,1,195
,"27 años",166,9,,175
,"28 años",223,12,1,236
,"29 años",156,14,,170
,"30 años",224,17,,241
,"31 años",122,12,,134
,"32 años",149,12,,161
,"33 años",127,13,,140
,"34 años",138,13,,151
,"35 años",170,18,,188
,"36 años",120,10,3,133
,"37 años",111,11,1,123
,"38 años",133,6,,139
,"39 años",95,7,,102
,"40 años",169,9,,178
,"41 años",84,8,,92
,"42 años",98,11,,109
,"43 años",64,7,,71
,"44 años",64,7,,71
,"45 años",106,16,,122
,"46 años",69,9,1,79
,"47 años",70,10,,80
,"48 años",88,11,,99
,"49 años",56,,,56
,"50 años",97,11,,108
,"51 años",40,7,,47
,"52 años",71,4,,75
,"53 años",40,5,,45
,"54 años",44,4,,48
,"55 años",82,10,,92
,"56 años",48,2,,50
,"57 años",53,,1,54
,"58 años",40,6,,46
,"59 años",39,7,,46
,"60 años",89,18,,107
,"61 años",27,10,,37
,"62 años",37,5,,42
,"63 años",37,2,,39
,"64 años",26,3,,29
,"65 años",42,16,,58
,"66 años",19,10,,29
,"67 años",17,3,,20
,"68 años",17,6,,23
,"69 años",22,1,,23
,"70 años",37,4,,41
,"71 años",12,5,,17
,"72 años",14,5,,19
,"73 años",7,4,,11
,"74 años",13,2,,15
,"75 años",23,6,,29
,"76 años",9,3,,12
,"77 años",4,2,,6
,"78 años",10,3,,13
,"79 años",8,2,,10
,"80 años",16,4,,20
,"81 años",8,1,,9
,"82 años",7,2,,9
,"83 años",4,4,,8
,"84 años",4,1,,5
,"85 años",7,2,,9
,"86 años",1,,,1
,"87 años",2,2,,4
,"88 años",,1,,1
,"89 años",3,3,,6
,"90 años",5,2,,7
,"91 años",2,1,,3
,"92 años",,,,
,"93 años",,1,,1
,"94 años",,,,
,"95 años",,,,
,"96 años",,,,
,"97 años",,,,
,"98 años",2,,,2
,"99 años",,,,
,"100 años",,,,
,"101 años",,,,
,"102 años",,,,
,"103 años",,,,
,"104 años",,,,
,"105 años",1,,,1
,"106 años",,1,,1
,"107 años",,,,
,"108 años",,,,
,"109 años",,,,
,"110 años",,,,
,"111 años",,,,
,"112 años",,,,
,"113 años",,,,
,"114 años",,,,
,"115 años",,,,
,"116 años",,,,
,"117 años",,,,
,"118 años",,,,
,"119 años",,,,
,"120 años",,,,
,"121 años",,,,
,"122 años",,,,
,"123 años",,,,
,"124 años",,,,
,"125 años",,,,
,"126 años",,,,
,"127 años",,,,
,"128 años",,,,
,"129 años",,,,
,"130 años",,,,
,"131 años",,,,
,"132 años",,,,
,"133 años",,,,
,"134 años",,,,
,"135 años",,,,
,"136 años",,,,
,"137 años",,,,
,"138 años",,,,
,"139 años",,,,
,"140 años",,,,
,"141 años",,,,
,"142 años",,,,
,"143 años",,,,
,"144 años",,,,
,"145 años",,,,
,"146 años",,,,
,"147 años",,,,
,"148 años",,,,
,"149 años",,,,
,"No especificado",126,17,3,146
,"No Especificados",,,,
"1992","Menores de 1 año",48,37,2,87
,"1 año",33,20,,53
,"2 años",22,24,,46
,"3 años",22,11,,33
,"4 años",11,8,,19
,"5 años",7,5,,12
,"6 años",16,4,,20
,"7 años",13,8,,21
,"8 años",7,7,,14
,"9 años",11,9,,20
,"10 años",18,10,,28
,"11 años",13,2,,15
,"12 años",23,5,,28
,"13 años",18,5,,23
,"14 años",33,9,,42
,"15 años",48,14,,62
,"16 años",100,13,1,114
,"17 años",137,16,,153
,"18 años",187,18,1,206
,"19 años",200,21,,221
,"20 años",232,22,,254
,"21 años",195,17,,212
,"22 años",280,24,,304
,"23 años",234,20,,254
,"24 años",247,20,,267
,"25 años",264,24,,288
,"26 años",193,11,,204
,"27 años",200,17,,217
,"28 años",204,14,,218
,"29 años",148,13,,161
,"30 años",265,19,,284
,"31 años",123,7,,130
,"32 años",215,22,,237
,"33 años",151,17,,168
,"34 años",144,8,,152
,"35 años",213,18,1,232
,"36 años",141,10,1,152
,"37 años",119,11,1,131
,"38 años",223,22,,245
,"39 años",119,8,1,128
,"40 años",146,17,1,164
,"41 años",91,8,,99
,"42 años",125,15,,140
,"43 años",93,12,,105
,"44 años",82,10,,92
,"45 años",136,16,2,154
,"46 años",75,9,,84
,"47 años",66,11,2,79
,"48 años",94,8,,102
,"49 años",60,2,,62
,"50 años",90,9,,99
,"51 años",64,6,,70
,"52 años",75,10,,85
,"53 años",48,3,,51
,"54 años",59,9,,68
,"55 años",95,13,,108
,"56 años",48,4,,52
,"57 años",51,2,,53
,"58 años",52,4,,56
,"59 años",35,8,,43
,"60 años",69,13,,82
,"61 años",18,5,,23
,"62 años",41,4,,45
,"63 años",27,3,,30
,"64 años",21,5,,26
,"65 años",56,9,,65
,"66 años",18,4,,22
,"67 años",24,3,,27
,"68 años",21,2,,23
,"69 años",10,,,10
,"70 años",41,4,,45
,"71 años",8,1,,9
,"72 años",12,4,,16
,"73 años",13,3,,16
,"74 años",7,3,,10
,"75 años",21,8,,29
,"76 años",10,2,,12
,"77 años",10,3,,13
,"78 años",9,4,,13
,"79 años",5,2,,7
,"80 años",11,2,,13
,"81 años",4,2,,6
,"82 años",6,3,,9
,"83 años",3,1,,4
,"84 años",5,4,,9
,"85 años",9,,,9
,"86 años",3,2,,5
,"87 años",2,2,,4
,"88 años",4,2,,6
,"89 años",2,,,2
,"90 años",4,,,4
,"91 años",3,2,,5
,"92 años",3,,,3
,"93 años",1,,,1
,"94 años",,,,
,"95 años",1,,,1
,"96 años",1,,,1
,"97 años",1,,,1
,"98 años",3,,,3
,"99 años",,1,,1
,"100 años",,,,
,"101 años",,,,
,"102 años",,,,
,"103 años",,,,
,"104 años",,,,
,"105 años",,,,
,"106 años",,,,
,"107 años",,,,
,"108 años",,,,
,"109 años",,,,
,"110 años",,,,
,"111 años",,,,
,"112 años",,,,
,"113 años",,,,
,"114 años",,,,
,"115 años",,,,
,"116 años",,,,
,"117 años",,,,
,"118 años",,,,
,"119 años",,,,
,"120 años",,,,
,"121 años",,,,
,"122 años",,,,
,"123 años",,,,
,"124 años",,,,
,"125 años",,,,
,"126 años",,,,
,"127 años",,,,
,"128 años",,,,
,"129 años",,,,
,"130 años",,,,
,"131 años",,,,
,"132 años",,,,
,"133 años",,,,
,"134 años",,,,
,"135 años",,,,
,"136 años",,,,
,"137 años",,,,
,"138 años",,,,
,"139 años",,,,
,"140 años",,,,
,"141 años",,,,
,"142 años",,,,
,"143 años",,,,
,"144 años",,,,
,"145 años",,,,
,"146 años",,,,
,"147 años",,,,
,"148 años",,,,
,"149 años",,,,
,"No especificado",114,14,13,141
,"No Especificados",,,,
"1993","Menores de 1 año",44,29,2,75
,"1 año",24,15,1,40
,"2 años",23,18,,41
,"3 años",14,19,,33
,"4 años",8,8,,16
,"5 años",10,8,,18
,"6 años",8,5,,13
,"7 años",17,4,,21
,"8 años",14,7,,21
,"9 años",13,13,,26
,"10 años",14,3,,17
,"11 años",18,2,,20
,"12 años",19,4,,23
,"13 años",30,6,,36
,"14 años",48,11,,59
,"15 años",50,13,,63
,"16 años",93,18,,111
,"17 años",145,30,1,176
,"18 años",178,15,,193
,"19 años",180,14,,194
,"20 años",227,25,,252
,"21 años",186,16,,202
,"22 años",270,16,,286
,"23 años",230,20,,250
,"24 años",224,17,1,242
,"25 años",260,19,,279
,"26 años",218,18,,236
,"27 años",222,12,,234
,"28 años",215,21,,236
,"29 años",144,9,,153
,"30 años",234,28,,262
,"31 años",123,5,,128
,"32 años",211,16,1,228
,"33 años",154,12,,166
,"34 años",139,13,,152
,"35 años",193,20,,213
,"36 años",137,12,,149
,"37 años",140,11,,151
,"38 años",164,17,,181
,"39 años",99,14,,113
,"40 años",131,16,,147
,"41 años",67,6,,73
,"42 años",123,11,,134
,"43 años",96,6,,102
,"44 años",93,7,,100
,"45 años",129,9,,138
,"46 años",72,4,,76
,"47 años",76,8,,84
,"48 años",82,13,,95
,"49 años",61,2,,63
,"50 años",96,8,,104
,"51 años",47,5,,52
,"52 años",70,14,,84
,"53 años",50,6,,56
,"54 años",44,8,,52
,"55 años",88,9,,97
,"56 años",46,6,,52
,"57 años",54,8,,62
,"58 años",63,10,,73
,"59 años",26,8,,34
,"60 años",62,14,,76
,"61 años",24,5,,29
,"62 años",44,4,,48
,"63 años",42,4,,46
,"64 años",13,8,,21
,"65 años",46,9,,55
,"66 años",20,4,,24
,"67 años",19,5,,24
,"68 años",26,3,,29
,"69 años",17,1,,18
,"70 años",46,8,,54
,"71 años",12,3,,15
,"72 años",17,5,,22
,"73 años",15,5,,20
,"74 años",7,5,,12
,"75 años",22,7,2,31
,"76 años",10,2,,12
,"77 años",7,5,,12
,"78 años",3,3,,6
,"79 años",9,3,,12
,"80 años",11,3,,14
,"81 años",5,,,5
,"82 años",5,2,,7
,"83 años",5,1,,6
,"84 años",7,1,,8
,"85 años",6,3,,9
,"86 años",2,1,,3
,"87 años",4,2,,6
,"88 años",9,,,9
,"89 años",1,,,1
,"90 años",2,1,,3
,"91 años",1,,,1
,"92 años",2,2,,4
,"93 años",,,,
,"94 años",1,,,1
,"95 años",,2,,2
,"96 años",1,,,1
,"97 años",,,,
,"98 años",19,7,,26
,"99 años",1,,,1
,"100 años",,,,
,"101 años",,,,
,"102 años",,,,
,"103 años",,,,
,"104 años",,,,
,"105 años",,,,
,"106 años",,,,
,"107 años",,,,
,"108 años",,,,
,"109 años",,,,
,"110 años",,,,
,"111 años",,,,
,"112 años",,,,
,"113 años",,,,
,"114 años",,,,
,"115 años",,,,
,"116 años",,,,
,"117 años",,,,
,"118 años",,,,
,"119 años",,,,
,"120 años",,,,
,"121 años",,,,
,"122 años",,,,
,"123 años",,,,
,"124 años",,,,
,"125 años",,,,
,"126 años",,,,
,"127 años",,,,
,"128 años",,,,
,"129 años",,,,
,"130 años",,,,
,"131 años",,,,
,"132 años",,,,
,"133 años",,,,
,"134 años",,,,
,"135 años",,,,
,"136 años",,,,
,"137 años",,,,
,"138 años",,,,
,"139 años",,,,
,"140 años",,,,
,"141 años",,,,
,"142 años",,,,
,"143 años",,,,
,"144 años",,,,
,"145 años",,,,
,"146 años",,,,
,"147 años",,,,
,"148 años",,,,
,"149 años",,,,
,"No especificado",114,11,1,126
,"No Especificados",,,,
"1994","Menores de 1 año",42,34,2,78
,"1 año",33,29,,62
,"2 años",16,14,,30
,"3 años",20,7,,27
,"4 años",8,7,,15
,"5 años",7,4,,11
,"6 años",14,3,,17
,"7 años",10,2,,12
,"8 años",11,8,,19
,"9 años",13,6,,19
,"10 años",8,5,,13
,"11 años",17,7,,24
,"12 años",12,8,,20
,"13 años",22,10,,32
,"14 años",36,13,,49
,"15 años",46,20,,66
,"16 años",82,21,,103
,"17 años",128,19,,147
,"18 años",182,22,,204
,"19 años",157,16,,173
,"20 años",210,16,,226
,"21 años",182,19,,201
,"22 años",257,14,,271
,"23 años",229,16,,245
,"24 años",224,25,,249
,"25 años",242,12,,254
,"26 años",177,11,,188
,"27 años",177,19,,196
,"28 años",203,5,,208
,"29 años",149,8,,157
,"30 años",209,18,,227
,"31 años",106,9,,115
,"32 años",162,8,,170
,"33 años",158,6,,164
,"34 años",150,11,,161
,"35 años",165,18,,183
,"36 años",129,7,,136
,"37 años",108,5,,113
,"38 años",131,12,,143
,"39 años",106,5,,111
,"40 años",137,21,,158
,"41 años",68,4,,72
,"42 años",97,6,,103
,"43 años",85,10,,95
,"44 años",83,5,,88
,"45 años",127,10,,137
,"46 años",85,8,,93
,"47 años",74,5,,79
,"48 años",87,7,,94
,"49 años",52,5,,57
,"50 años",94,7,,101
,"51 años",38,4,,42
,"52 años",66,3,,69
,"53 años",51,2,,53
,"54 años",53,7,,60
,"55 años",74,12,,86
,"56 años",53,5,,58
,"57 años",42,7,,49
,"58 años",47,8,,55
,"59 años",45,4,,49
,"60 años",66,9,,75
,"61 años",37,1,,38
,"62 años",30,4,,34
,"63 años",38,4,,42
,"64 años",50,7,,57
,"65 años",50,5,,55
,"66 años",19,3,,22
,"67 años",22,1,,23
,"68 años",44,1,,45
,"69 años",18,3,,21
,"70 años",34,8,,42
,"71 años",16,2,,18
,"72 años",17,5,,22
,"73 años",15,2,,17
,"74 años",22,6,,28
,"75 años",27,5,,32
,"76 años",8,2,,10
,"77 años",8,3,,11
,"78 años",14,2,,16
,"79 años",4,7,,11
,"80 años",13,7,,20
,"81 años",1,2,,3
,"82 años",6,7,,13
,"83 años",6,1,,7
,"84 años",9,2,,11
,"85 años",7,3,,10
,"86 años",4,,,4
,"87 años",4,3,,7
,"88 años",2,1,,3
,"89 años",3,,,3
,"90 años",1,,,1
,"91 años",,1,,1
,"92 años",1,1,,2
,"93 años",1,1,,2
,"94 años",1,,,1
,"95 años",,,,
,"96 años",,,,
,"97 años",,,,
,"98 años",8,,,8
,"99 años",3,,,3
,"100 años",,,,
,"101 años",,,,
,"102 años",,,,
,"103 años",,,,
,"104 años",,,,
,"105 años",,,,
,"106 años",,,,
,"107 años",1,,,1
,"108 años",,,,
,"109 años",,,,
,"110 años",,,,
,"111 años",,,,
,"112 años",,,,
,"113 años",,,,
,"114 años",,,,
,"115 años",,,,
,"116 años",,,,
,"117 años",,,,
,"118 años",,,,
,"119 años",,,,
,"120 años",,,,
,"121 años",,,,
,"122 años",,,,
,"123 años",,,,
,"124 años",,,,
,"125 años",,,,
,"126 años",,,,
,"127 años",,,,
,"128 años",,,,
,"129 años",,,,
,"130 años",,,,
,"131 años",,,,
,"132 años",,,,
,"133 años",,,,
,"134 años",,,,
,"135 años",,,,
,"136 años",,,,
,"137 años",,,,
,"138 años",,,,
,"139 años",,,,
,"140 años",,,,
,"141 años",,,,
,"142 años",,,,
,"143 años",,,,
,"144 años",,,,
,"145 años",,,,
,"146 años",,,,
,"147 años",,,,
,"148 años",,,,
,"149 años",,,,
,"No especificado",99,27,9,135
,"No Especificados",,,,
"1995","Menores de 1 año",47,44,3,94
,"1 año",18,11,,29
,"2 años",20,7,,27
,"3 años",7,14,,21
,"4 años",11,2,,13
,"5 años",5,6,,11
,"6 años",10,4,,14
,"7 años",6,2,,8
,"8 años",9,3,,12
,"9 años",8,5,,13
,"10 años",8,5,,13
,"11 años",14,5,,19
,"12 años",15,7,,22
,"13 años",17,3,,20
,"14 años",31,8,,39
,"15 años",46,8,,54
,"16 años",62,19,,81
,"17 años",107,11,,118
,"18 años",135,13,,148
,"19 años",152,10,,162
,"20 años",209,23,,232
,"21 años",156,14,,170
,"22 años",214,20,,234
,"23 años",205,21,,226
,"24 años",192,17,,209
,"25 años",200,10,,210
,"26 años",191,12,,203
,"27 años",172,19,,191
,"28 años",188,18,,206
,"29 años",149,9,,158
,"30 años",185,15,,200
,"31 años",100,6,,106
,"32 años",167,11,,178
,"33 años",110,12,,122
,"34 años",138,9,,147
,"35 años",184,12,,196
,"36 años",142,12,,154
,"37 años",105,14,,119
,"38 años",114,9,,123
,"39 años",104,7,,111
,"40 años",139,13,,152
,"41 años",73,11,,84
,"42 años",113,16,,129
,"43 años",75,4,,79
,"44 años",79,10,,89
,"45 años",130,11,,141
,"46 años",68,5,,73
,"47 años",62,4,,66
,"48 años",80,7,1,88
,"49 años",55,7,,62
,"50 años",87,6,,93
,"51 años",51,4,,55
,"52 años",56,5,,61
,"53 años",52,6,,58
,"54 años",39,6,,45
,"55 años",74,11,,85
,"56 años",54,5,,59
,"57 años",35,8,,43
,"58 años",36,6,,42
,"59 años",29,4,,33
,"60 años",65,10,,75
,"61 años",26,4,,30
,"62 años",30,1,,31
,"63 años",35,2,,37
,"64 años",25,2,,27
,"65 años",42,9,,51
,"66 años",16,4,,20
,"67 años",23,3,,26
,"68 años",32,3,,35
,"69 años",9,4,,13
,"70 años",18,7,,25
,"71 años",9,,,9
,"72 años",20,2,,22
,"73 años",15,2,,17
,"74 años",11,3,,14
,"75 años",12,5,,17
,"76 años",8,2,,10
,"77 años",6,5,,11
,"78 años",15,4,,19
,"79 años",3,1,,4
,"80 años",10,4,,14
,"81 años",4,3,,7
,"82 años",3,2,,5
,"83 años",5,2,,7
,"84 años",9,2,,11
,"85 años",14,3,,17
,"86 años",7,2,,9
,"87 años",,,,
,"88 años",2,2,,4
,"89 años",1,1,,2
,"90 años",2,2,,4
,"91 años",,2,,2
,"92 años",,,,
,"93 años",,,,
,"94 años",1,1,,2
,"95 años",1,2,,3
,"96 años",1,,,1
,"97 años",1,,,1
,"98 años",5,,,5
,"99 años",,,,
,"100 años",1,,,1
,"101 años",,,,
,"102 años",,,,
,"103 años",,,,
,"104 años",,,,
,"105 años",,,,
,"106 años",,,,
,"107 años",,,,
,"108 años",,,,
,"109 años",,,,
,"110 años",,,,
,"111 años",,,,
,"112 años",,,,
,"113 años",,,,
,"114 años",,,,
,"115 años",,,,
,"116 años",,,,
,"117 años",,,,
,"118 años",,,,
,"119 años",,,,
,"120 años",,,,
,"121 años",,,,
,"122 años",,,,
,"123 años",,,,
,"124 años",,,,
,"125 años",,,,
,"126 años",,,,
,"127 años",,,,
,"128 años",,,,
,"129 años",,,,
,"130 años",,,,
,"131 años",,,,
,"132 años",,,,
,"133 años",,,,
,"134 años",,,,
,"135 años",,,,
,"136 años",,,,
,"137 años",,,,
,"138 años",,,,
,"139 años",,,,
,"140 años",,,,
,"141 años",,,,
,"142 años",,,,
,"143 años",,,,
,"144 años",,,,
,"145 años",,,,
,"146 años",,,,
,"147 años",,,,
,"148 años",,,,
,"149 años",,,,
,"No especificado",106,16,8,130
,"No Especificados",,,,
"1996","Menores de 1 año",45,45,1,91
,"1 año",23,15,,38
,"2 años",17,10,1,28
,"3 años",10,7,,17
,"4 años",10,7,,17
,"5 años",8,5,,13
,"6 años",8,5,,13
,"7 años",15,6,,21
,"8 años",14,1,,15
,"9 años",8,5,,13
,"10 años",10,,,10
,"11 años",9,2,,11
,"12 años",24,6,,30
,"13 años",20,15,,35
,"14 años",17,10,,27
,"15 años",48,10,,58
,"16 años",86,16,,102
,"17 años",126,25,,151
,"18 años",147,14,,161
,"19 años",146,8,1,155
,"20 años",186,17,,203
,"21 años",134,17,,151
,"22 años",181,12,,193
,"23 años",184,14,,198
,"24 años",170,16,,186
,"25 años",210,20,,230
,"26 años",155,13,,168
,"27 años",167,19,,186
,"28 años",185,14,,199
,"29 años",148,4,,152
,"30 años",195,21,,216
,"31 años",122,4,,126
,"32 años",148,12,,160
,"33 años",112,10,,122
,"34 años",140,10,,150
,"35 años",151,20,,171
,"36 años",116,11,,127
,"37 años",96,6,,102
,"38 años",127,11,,138
,"39 años",87,9,,96
,"40 años",116,12,,128
,"41 años",66,5,,71
,"42 años",93,18,,111
,"43 años",64,10,,74
,"44 años",71,13,,84
,"45 años",114,9,1,124
,"46 años",89,4,,93
,"47 años",69,6,,75
,"48 años",63,12,,75
,"49 años",71,5,,76
,"50 años",62,7,1,70
,"51 años",33,2,,35
,"52 años",54,6,,60
,"53 años",45,8,,53
,"54 años",47,8,,55
,"55 años",55,5,,60
,"56 años",38,8,,46
,"57 años",41,7,,48
,"58 años",41,4,,45
,"59 años",23,5,,28
,"60 años",61,11,,72
,"61 años",26,3,,29
,"62 años",25,7,,32
,"63 años",26,3,,29
,"64 años",27,,,27
,"65 años",39,8,,47
,"66 años",34,4,,38
,"67 años",22,4,,26
,"68 años",21,7,,28
,"69 años",10,1,,11
,"70 años",29,10,,39
,"71 años",19,,,19
,"72 años",15,4,,19
,"73 años",11,2,,13
,"74 años",21,3,,24
,"75 años",12,4,,16
,"76 años",8,6,,14
,"77 años",4,1,,5
,"78 años",11,2,,13
,"79 años",4,,,4
,"80 años",12,3,,15
,"81 años",6,1,,7
,"82 años",3,2,,5
,"83 años",2,,,2
,"84 años",5,4,,9
,"85 años",4,3,,7
,"86 años",8,1,,9
,"87 años",,2,,2
,"88 años",2,,,2
,"89 años",1,,,1
,"90 años",4,,,4
,"91 años",1,1,,2
,"92 años",1,1,,2
,"93 años",1,,,1
,"94 años",,,,
,"95 años",1,,,1
,"96 años",1,1,,2
,"97 años",,,,
,"98 años",6,,,6
,"99 años",,,,
,"100 años",,,,
,"101 años",,,,
,"102 años",,,,
,"103 años",,,,
,"104 años",,,,
,"105 años",,,,
,"106 años",,,,
,"107 años",,,,
,"108 años",,,,
,"109 años",,,,
,"110 años",,,,
,"111 años",,,,
,"112 años",,,,
,"113 años",,,,
,"114 años",,,,
,"115 años",,,,
,"116 años",,,,
,"117 años",,,,
,"118 años",,,,
,"119 años",,,,
,"120 años",,,,
,"121 años",,,,
,"122 años",,,,
,"123 años",,,,
,"124 años",,,,
,"125 años",,,,
,"126 años",,,,
,"127 años",,,,
,"128 años",,,,
,"129 años",,,,
,"130 años",,,,
,"131 años",,,,
,"132 años",,,,
,"133 años",,,,
,"134 años",,,,
,"135 años",,,,
,"136 años",,,,
,"137 años",,,,
,"138 años",,,,
,"139 años",,,,
,"140 años",,,,
,"141 años",,,,
,"142 años",,,,
,"143 años",,,,
,"144 años",,,,
,"145 años",,,,
,"146 años",,,,
,"147 años",,,,
,"148 años",,,,
,"149 años",,,,
,"No especificado",95,16,3,114
,"No Especificados",,,,
"1997","Menores de 1 año",31,38,1,70
,"1 año",19,9,,28
,"2 años",16,11,,27
,"3 años",4,9,,13
,"4 años",9,4,,13
,"5 años",3,2,,5
,"6 años",5,3,,8
,"7 años",9,4,,13
,"8 años",5,6,,11
,"9 años",6,2,,8
,"10 años",13,2,,15
,"11 años",8,6,,14
,"12 años",18,4,,22
,"13 años",15,9,,24
,"14 años",25,9,,34
,"15 años",34,17,,51
,"16 años",70,18,,88
,"17 años",99,13,,112
,"18 años",127,17,,144
,"19 años",113,14,,127
,"20 años",133,21,,154
,"21 años",143,10,1,154
,"22 años",163,15,,178
,"23 años",183,23,,206
,"24 años",151,11,,162
,"25 años",163,10,,173
,"26 años",139,7,,146
,"27 años",122,6,,128
,"28 años",164,13,,177
,"29 años",154,11,,165
,"30 años",148,13,,161
,"31 años",99,9,,108
,"32 años",125,12,,137
,"33 años",109,11,,120
,"34 años",107,14,,121
,"35 años",147,18,,165
,"36 años",94,9,,103
,"37 años",92,11,,103
,"38 años",100,14,,114
,"39 años",84,5,,89
,"40 años",132,6,,138
,"41 años",68,4,,72
,"42 años",115,6,,121
,"43 años",75,10,,85
,"44 años",67,7,,74
,"45 años",99,8,,107
,"46 años",57,3,,60
,"47 años",63,5,,68
,"48 años",67,5,,72
,"49 años",45,4,,49
,"50 años",64,7,,71
,"51 años",44,4,,48
,"52 años",39,4,,43
,"53 años",40,3,,43
,"54 años",53,4,,57
,"55 años",50,6,,56
,"56 años",45,3,,48
,"57 años",39,4,,43
,"58 años",31,5,,36
,"59 años",29,2,,31
,"60 años",57,4,,61
,"61 años",20,5,,25
,"62 años",25,4,,29
,"63 años",29,3,,32
,"64 años",25,3,,28
,"65 años",33,5,,38
,"66 años",25,3,,28
,"67 años",22,3,,25
,"68 años",14,2,,16
,"69 años",14,2,,16
,"70 años",19,3,,22
,"71 años",11,,,11
,"72 años",18,,,18
,"73 años",17,2,,19
,"74 años",5,3,,8
,"75 años",18,6,,24
,"76 años",13,4,,17
,"77 años",13,3,,16
,"78 años",7,2,,9
,"79 años",4,1,,5
,"80 años",14,1,,15
,"81 años",1,4,,5
,"82 años",6,3,,9
,"83 años",7,2,,9
,"84 años",3,,,3
,"85 años",9,2,,11
,"86 años",5,2,,7
,"87 años",3,2,,5
,"88 años",3,,,3
,"89 años",1,2,,3
,"90 años",,1,,1
,"91 años",1,1,,2
,"92 años",,,,
,"93 años",2,1,,3
,"94 años",,,,
,"95 años",,,,
,"96 años",3,2,,5
,"97 años",,,,
,"98 años",,,,
,"99 años",,,1,1
,"100 años",,,,
,"101 años",,,,
,"102 años",,,,
,"103 años",,,,
,"104 años",,,,
,"105 años",,,,
,"106 años",,,,
,"107 años",,,,
,"108 años",,,,
,"109 años",,,,
,"110 años",,,,
,"111 años",,,,
,"112 años",,,,
,"113 años",,,,
,"114 años",,,,
,"115 años",,,,
,"116 años",,,,
,"117 años",,,,
,"118 años",,,,
,"119 años",,,,
,"120 años",,,,
,"121 años",,,,
,"122 años",,,,
,"123 años",,,,
,"124 años",,,,
,"125 años",,,,
,"126 años",,,,
,"127 años",,,,
,"128 años",,,,
,"129 años",,,,
,"130 años",,,,
,"131 años",,,,
,"132 años",,,,
,"133 años",,,,
,"134 años",,,,
,"135 años",,,,
,"136 años",,,,
,"137 años",,,,
,"138 años",,,,
,"139 años",,,,
,"140 años",,,,
,"141 años",,,,
,"142 años",,,,
,"143 años",,,,
,"144 años",,,,
,"145 años",,,,
,"146 años",,,,
,"147 años",,,,
,"148 años",,,,
,"149 años",,,,
,"No especificado",99,15,5,119
,"No Especificados",,,,
"1998","Menores de 1 año",26,24,1,51
,"1 año",11,13,,24
,"2 años",8,9,,17
,"3 años",4,6,,10
,"4 años",8,1,,9
,"5 años",12,4,,16
,"6 años",8,1,,9
,"7 años",6,6,,12
,"8 años",4,4,,8
,"9 años",13,3,,16
,"10 años",7,4,,11
,"11 años",11,6,,17
,"12 años",19,3,,22
,"13 años",17,6,,23
,"14 años",26,10,,36
,"15 años",43,8,,51
,"16 años",65,11,,76
,"17 años",87,19,,106
,"18 años",112,13,,125
,"19 años",126,16,,142
,"20 años",135,13,,148
,"21 años",140,12,,152
,"22 años",154,16,,170
,"23 años",168,17,,185
,"24 años",138,14,,152
,"25 años",180,11,,191
,"26 años",117,11,,128
,"27 años",149,14,,163
,"28 años",164,12,,176
,"29 años",110,8,,118
,"30 años",161,19,,180
,"31 años",89,10,,99
,"32 años",130,11,,141
,"33 años",105,9,,114
,"34 años",96,10,,106
,"35 años",138,14,,152
,"36 años",118,2,,120
,"37 años",100,12,,112
,"38 años",131,6,,137
,"39 años",80,2,,82
,"40 años",107,15,,122
,"41 años",71,8,,79
,"42 años",97,7,,104
,"43 años",54,6,,60
,"44 años",74,7,,81
,"45 años",87,11,,98
,"46 años",63,6,,69
,"47 años",52,10,,62
,"48 años",93,6,,99
,"49 años",58,4,,62
,"50 años",53,8,1,62
,"51 años",43,2,,45
,"52 años",40,10,,50
,"53 años",39,6,,45
,"54 años",31,1,,32
,"55 años",44,5,,49
,"56 años",40,3,,43
,"57 años",47,3,,50
,"58 años",27,7,,34
,"59 años",22,2,,24
,"60 años",43,10,,53
,"61 años",22,2,,24
,"62 años",30,1,,31
,"63 años",32,1,,33
,"64 años",18,5,,23
,"65 años",33,9,,42
,"66 años",19,2,,21
,"67 años",17,1,,18
,"68 años",20,3,,23
,"69 años",11,4,,15
,"70 años",24,11,,35
,"71 años",3,1,,4
,"72 años",14,4,,18
,"73 años",6,3,,9
,"74 años",10,4,,14
,"75 años",11,1,,12
,"76 años",6,,,6
,"77 años",10,,,10
,"78 años",5,1,,6
,"79 años",5,2,,7
,"80 años",6,1,,7
,"81 años",2,,,2
,"82 años",2,1,,3
,"83 años",3,1,,4
,"84 años",3,1,,4
,"85 años",5,5,,10
,"86 años",1,,,1
,"87 años",3,1,,4
,"88 años",2,2,,4
,"89 años",1,,,1
,"90 años",2,1,,3
,"91 años",2,,,2
,"92 años",,1,,1
,"93 años",,2,,2
,"94 años",,1,,1
,"95 años",1,1,,2
,"96 años",,,,
,"97 años",,,,
,"98 años",,,,
,"99 años",,,,
,"100 años",,1,,1
,"101 años",,,,
,"102 años",,,,
,"103 años",,,,
,"104 años",,,,
,"105 años",,,,
,"106 años",,,,
,"107 años",,,,
,"108 años",,,,
,"109 años",,,,
,"110 años",,,,
,"111 años",,,,
,"112 años",,,,
,"113 años",,,,
,"114 años",,,,
,"115 años",,,,
,"116 años",,,,
,"117 años",,,,
,"118 años",,,,
,"119 años",,,,
,"120 años",,,,
,"121 años",,,,
,"122 años",,,,
,"123 años",,,,
,"124 años",,,,
,"125 años",,,,
,"126 años",,,,
,"127 años",,,,
,"128 años",,,,
,"129 años",,,,
,"130 años",,,,
,"131 años",,,,
,"132 años",,,,
,"133 años",,,,
,"134 años",,,,
,"135 años",,,,
,"136 años",,,,
,"137 años",,,,
,"138 años",,,,
,"139 años",,,,
,"140 años",,,,
,"141 años",,,,
,"142 años",,,,
,"143 años",,,,
,"144 años",,,,
,"145 años",,,,
,"146 años",,,,
,"147 años",,,,
,"148 años",,,,
,"149 años",,,,
,"No especificado",73,15,9,97
,"No Especificados",,,,
"1999","Menores de 1 año",26,24,2,52
,"1 año",17,9,,26
,"2 años",14,1,,15
,"3 años",11,4,,15
,"4 años",6,6,,12
,"5 años",9,2,,11
,"6 años",7,2,,9
,"7 años",3,5,,8
,"8 años",9,,,9
,"9 años",11,2,,13
,"10 años",6,6,,12
,"11 años",8,,,8
,"12 años",14,8,,22
,"13 años",18,9,,27
,"14 años",29,6,,35
,"15 años",34,13,,47
,"16 años",56,9,,65
,"17 años",81,10,,91
,"18 años",94,16,,110
,"19 años",114,19,,133
,"20 años",108,10,,118
,"21 años",109,15,,124
,"22 años",128,15,,143
,"23 años",114,11,,125
,"24 años",109,8,,117
,"25 años",149,21,,170
,"26 años",99,7,,106
,"27 años",111,10,,121
,"28 años",127,14,,141
,"29 años",110,15,1,126
,"30 años",138,18,,156
,"31 años",85,7,,92
,"32 años",111,12,,123
,"33 años",112,9,,121
,"34 años",107,5,,112
,"35 años",143,11,,154
,"36 años",100,8,,108
,"37 años",79,10,,89
,"38 años",98,14,,112
,"39 años",68,5,,73
,"40 años",106,10,,116
,"41 años",47,9,,56
,"42 años",59,8,,67
,"43 años",68,6,,74
,"44 años",53,6,,59
,"45 años",84,4,,88
,"46 años",52,4,,56
,"47 años",49,4,,53
,"48 años",55,7,,62
,"49 años",56,5,,61
,"50 años",68,3,,71
,"51 años",47,2,,49
,"52 años",40,5,,45
,"53 años",45,4,,49
,"54 años",33,5,,38
,"55 años",45,2,,47
,"56 años",35,3,,38
,"57 años",33,6,,39
,"58 años",33,4,,37
,"59 años",20,3,,23
,"60 años",47,3,,50
,"61 años",16,4,,20
,"62 años",22,4,,26
,"63 años",16,2,,18
,"64 años",21,4,,25
,"65 años",27,5,,32
,"66 años",18,5,,23
,"67 años",16,4,,20
,"68 años",21,2,,23
,"69 años",13,1,,14
,"70 años",19,2,,21
,"71 años",14,1,,15
,"72 años",16,3,,19
,"73 años",10,3,,13
,"74 años",15,2,,17
,"75 años",15,2,,17
,"76 años",12,3,,15
,"77 años",5,1,,6
,"78 años",11,1,,12
,"79 años",8,,,8
,"80 años",8,4,,12
,"81 años",,2,,2
,"82 años",3,1,,4
,"83 años",6,,,6
,"84 años",3,1,,4
,"85 años",5,,,5
,"86 años",1,,,1
,"87 años",,1,,1
,"88 años",3,3,,6
,"89 años",1,,,1
,"90 años",,2,,2
,"91 años",1,,,1
,"92 años",,,,
,"93 años",,1,,1
,"94 años",,,,
,"95 años",1,,,1
,"96 años",2,,,2
,"97 años",,,,
,"98 años",,,,
,"99 años",,1,,1
,"100 años",,,,
,"101 años",,,,
,"102 años",,,,
,"103 años",,,,
,"104 años",,,,
,"105 años",,,,
,"106 años",,,,
,"107 años",,,,
,"108 años",,,,
,"109 años",,,,
,"110 años",,,,
,"111 años",,,,
,"112 años",,,,
,"113 años",,,,
,"114 años",,,,
,"115 años",,,,
,"116 años",,,,
,"117 años",,,,
,"118 años",,,,
,"119 años",,,,
,"120 años",,,,
,"121 años",,,,
,"122 años",,,,
,"123 años",,,,
,"124 años",,,,
,"125 años",,,,
,"126 años",,,,
,"127 años",,,,
,"128 años",,,,
,"129 años",,,,
,"130 años",,,,
,"131 años",,,,
,"132 años",,,,
,"133 años",,,,
,"134 años",,,,
,"135 años",,,,
,"136 años",,,,
,"137 años",,,,
,"138 años",,,,
,"139 años",,,,
,"140 años",,,,
,"141 años",,,,
,"142 años",,,,
,"143 años",,,,
,"144 años",,,,
,"145 años",,,,
,"146 años",,,,
,"147 años",,,,
,"148 años",,,,
,"149 años",,,,
,"No especificado",89,16,5,110
,"No Especificados",,,,
"2000","Menores de 1 año",24,19,3,46
,"1 año",12,10,,22
,"2 años",9,5,,14
,"3 años",6,4,,10
,"4 años",6,6,,12
,"5 años",6,2,,8
,"6 años",7,1,,8
,"7 años",5,4,,9
,"8 años",7,1,,8
,"9 años",4,3,,7
,"10 años",5,2,,7
,"11 años",9,4,,13
,"12 años",11,2,,13
,"13 años",19,3,,22
,"14 años",25,9,,34
,"15 años",27,11,,38
,"16 años",61,8,,69
,"17 años",53,10,,63
,"18 años",86,10,,96
,"19 años",91,9,,100
,"20 años",91,12,,103
,"21 años",109,9,,118
,"22 años",112,17,,129
,"23 años",103,15,,118
,"24 años",115,10,,125
,"25 años",128,20,,148
,"26 años",83,5,,88
,"27 años",123,10,,133
,"28 años",101,7,,108
,"29 años",84,6,,90
,"30 años",116,12,1,129
,"31 años",93,11,,104
,"32 años",90,12,,102
,"33 años",98,11,,109
,"34 años",91,8,,99
,"35 años",109,14,,123
,"36 años",74,10,,84
,"37 años",85,10,,95
,"38 años",101,8,,109
,"39 años",64,4,,68
,"40 años",90,6,,96
,"41 años",57,5,,62
,"42 años",67,9,,76
,"43 años",43,11,,54
,"44 años",65,4,,69
,"45 años",78,11,,89
,"46 años",53,4,,57
,"47 años",48,8,,56
,"48 años",60,3,1,64
,"49 años",60,7,,67
,"50 años",52,6,,58
,"51 años",35,2,,37
,"52 años",42,5,1,48
,"53 años",29,2,,31
,"54 años",27,7,,34
,"55 años",41,10,,51
,"56 años",29,8,,37
,"57 años",28,4,,32
,"58 años",35,3,,38
,"59 años",24,2,,26
,"60 años",38,5,,43
,"61 años",18,8,,26
,"62 años",19,9,,28
,"63 años",18,3,,21
,"64 años",25,3,,28
,"65 años",34,3,,37
,"66 años",16,1,,17
,"67 años",12,6,,18
,"68 años",19,6,,25
,"69 años",13,4,,17
,"70 años",18,6,,24
,"71 años",9,2,,11
,"72 años",13,2,,15
,"73 años",10,1,,11
,"74 años",7,2,,9
,"75 años",14,3,,17
,"76 años",12,1,,13
,"77 años",9,2,,11
,"78 años",11,1,,12
,"79 años",5,1,,6
,"80 años",5,5,,10
,"81 años",5,,,5
,"82 años",4,2,,6
,"83 años",3,1,,4
,"84 años",2,2,,4
,"85 años",6,1,,7
,"86 años",4,1,,5
,"87 años",1,,,1
,"88 años",2,1,,3
,"89 años",2,1,,3
,"90 años",1,3,,4
,"91 años",1,,,1
,"92 años",1,,,1
,"93 años",,,,
,"94 años",,1,,1
,"95 años",3,,,3
,"96 años",1,,,1
,"97 años",1,2,,3
,"98 años",1,,,1
,"99 años",1,,,1
,"100 años",,,,
,"101 años",,,,
,"102 años",,,,
,"103 años",,,,
,"104 años",,,,
,"105 años",,,,
,"106 años",,,,
,"107 años",,,,
,"108 años",,,,
,"109 años",,,,
,"110 años",,,,
,"111 años",,,,
,"112 años",,,,
,"113 años",,,,
,"114 años",,,,
,"115 años",,,,
,"116 años",,,,
,"117 años",,1,,1
,"118 años",,,,
,"119 años",,,,
,"120 años",,,,
,"121 años",,,,
,"122 años",,,,
,"123 años",,,,
,"124 años",,,,
,"125 años",,,,
,"126 años",,,,
,"127 años",,,,
,"128 años",,,,
,"129 años",,,,
,"130 años",,,,
,"131 años",,,,
,"132 años",,,,
,"133 años",,,,
,"134 años",,,,
,"135 años",,,,
,"136 años",,,,
,"137 años",,,,
,"138 años",,,,
,"139 años",,,,
,"140 años",,,,
,"141 años",,,,
,"142 años",,,,
,"143 años",,,,
,"144 años",,,,
,"145 años",,,,
,"146 años",,,,
,"147 años",,,,
,"148 años",,,,
,"149 años",,,,
,"No especificado",35,4,4,43
,"No Especificados",,,,
"2001","Menores de 1 año",19,21,2,42
,"1 año",15,10,,25
,"2 años",9,11,,20
,"3 años",6,3,,9
,"4 años",12,3,,15
,"5 años",3,7,,10
,"6 años",5,1,,6
,"7 años",8,1,,9
,"8 años",9,3,,12
,"9 años",10,5,,15
,"10 años",13,5,,18
,"11 años",11,2,,13
,"12 años",6,3,,9
,"13 años",10,7,,17
,"14 años",33,7,,40
,"15 años",29,8,,37
,"16 años",56,9,,65
,"17 años",58,12,,70
,"18 años",81,15,,96
,"19 años",80,17,,97
,"20 años",96,16,,112
,"21 años",85,10,,95
,"22 años",101,13,,114
,"23 años",108,20,,128
,"24 años",81,7,1,89
,"25 años",119,14,1,134
,"26 años",96,10,,106
,"27 años",97,9,,106
,"28 años",78,11,,89
,"29 años",81,8,,89
,"30 años",104,9,,113
,"31 años",70,5,,75
,"32 años",74,6,,80
,"33 años",71,8,,79
,"34 años",66,9,,75
,"35 años",130,11,1,142
,"36 años",84,8,1,93
,"37 años",76,9,,85
,"38 años",85,5,,90
,"39 años",56,9,,65
,"40 años",79,11,1,91
,"41 años",56,4,,60
,"42 años",56,10,,66
,"43 años",54,5,,59
,"44 años",43,3,,46
,"45 años",60,12,,72
,"46 años",44,3,,47
,"47 años",52,6,,58
,"48 años",44,6,,50
,"49 años",41,5,,46
,"50 años",44,8,,52
,"51 años",36,3,,39
,"52 años",29,3,,32
,"53 años",29,8,,37
,"54 años",39,3,,42
,"55 años",47,7,,54
,"56 años",30,3,1,34
,"57 años",23,2,,25
,"58 años",29,2,,31
,"59 años",33,1,,34
,"60 años",35,5,,40
,"61 años",18,3,,21
,"62 años",20,3,,23
,"63 años",18,4,,22
,"64 años",21,2,,23
,"65 años",27,4,,31
,"66 años",19,1,,20
,"67 años",23,5,,28
,"68 años",15,1,,16
,"69 años",7,5,,12
,"70 años",26,3,,29
,"71 años",14,4,,18
,"72 años",17,2,,19
,"73 años",12,5,,17
,"74 años",10,1,,11
,"75 años",9,4,,13
,"76 años",6,4,,10
,"77 años",8,1,,9
,"78 años",4,7,,11
,"79 años",6,,,6
,"80 años",11,6,,17
,"81 años",4,3,,7
,"82 años",1,3,,4
,"83 años",4,,,4
,"84 años",3,,,3
,"85 años",2,3,,5
,"86 años",2,1,,3
,"87 años",,2,,2
,"88 años",2,1,,3
,"89 años",,2,,2
,"90 años",4,,,4
,"91 años",,,,
,"92 años",2,,,2
,"93 años",,1,,1
,"94 años",2,,,2
,"95 años",1,,,1
,"96 años",,,,
,"97 años",,,,
,"98 años",,,,
,"99 años",1,,,1
,"100 años",,,,
,"101 años",1,,,1
,"102 años",,,,
,"103 años",,,,
,"104 años",,1,,1
,"105 años",,,,
,"106 años",,,,
,"107 años",,,,
,"108 años",,,,
,"109 años",,,,
,"110 años",,,,
,"111 años",,,,
,"112 años",,,,
,"113 años",,,,
,"114 años",,,,
,"115 años",,,,
,"116 años",,,,
,"117 años",,,,
,"118 años",,,,
,"119 años",,,,
,"120 años",,,,
,"121 años",,,,
,"122 años",,,,
,"123 años",,,,
,"124 años",,,,
,"125 años",,,,
,"126 años",,,,
,"127 años",,,,
,"128 años",,,,
,"129 años",,,,
,"130 años",,,,
,"131 años",,,,
,"132 años",,,,
,"133 años",,,,
,"134 años",,,,
,"135 años",,,,
,"136 años",,,,
,"137 años",,,,
,"138 años",,,,
,"139 años",,,,
,"140 años",,,,
,"141 años",,,,
,"142 años",,,,
,"143 años",,,,
,"144 años",,,,
,"145 años",,,,
,"146 años",,,,
,"147 años",,,,
,"148 años",,,,
,"149 años",,,,
,"No especificado",37,12,3,52
,"No Especificados",,,,
"2002","Menores de 1 año",22,23,3,48
,"1 año",8,9,,17
,"2 años",17,4,,21
,"3 años",3,3,,6
,"4 años",4,5,,9
,"5 años",3,3,,6
,"6 años",3,1,,4
,"7 años",3,1,,4
,"8 años",3,3,,6
,"9 años",4,5,,9
,"10 años",6,4,,10
,"11 años",11,1,,12
,"12 años",13,3,,16
,"13 años",11,5,,16
,"14 años",26,10,,36
,"15 años",19,11,,30
,"16 años",54,10,,64
,"17 años",52,8,,60
,"18 años",88,10,,98
,"19 años",93,9,,102
,"20 años",73,18,,91
,"21 años",92,8,,100
,"22 años",110,8,,118
,"23 años",74,8,,82
,"24 años",76,13,,89
,"25 años",98,17,,115
,"26 años",76,7,,83
,"27 años",92,11,,103
,"28 años",77,13,,90
,"29 años",77,8,,85
,"30 años",120,16,,136
,"31 años",75,9,,84
,"32 años",70,6,,76
,"33 años",73,8,,81
,"34 años",77,13,,90
,"35 años",96,10,,106
,"36 años",77,18,,95
,"37 años",65,2,,67
,"38 años",77,7,,84
,"39 años",63,5,,68
,"40 años",82,9,,91
,"41 años",63,5,,68
,"42 años",60,9,,69
,"43 años",60,7,,67
,"44 años",49,6,,55
,"45 años",77,2,,79
,"46 años",44,4,,48
,"47 años",40,2,,42
,"48 años",50,5,,55
,"49 años",38,6,,44
,"50 años",47,6,,53
,"51 años",34,5,,39
,"52 años",35,2,,37
,"53 años",28,5,,33
,"54 años",24,4,,28
,"55 años",37,4,,41
,"56 años",48,2,,50
,"57 años",31,3,,34
,"58 años",26,2,,28
,"59 años",21,2,,23
,"60 años",32,3,,35
,"61 años",18,3,,21
,"62 años",22,4,,26
,"63 años",20,7,,27
,"64 años",17,5,,22
,"65 años",29,4,,33
,"66 años",15,3,,18
,"67 años",16,2,,18
,"68 años",22,1,,23
,"69 años",6,1,,7
,"70 años",16,4,,20
,"71 años",17,5,,22
,"72 años",12,2,,14
,"73 años",7,2,,9
,"74 años",9,3,,12
,"75 años",7,4,,11
,"76 años",9,,,9
,"77 años",10,1,,11
,"78 años",13,2,,15
,"79 años",6,3,,9
,"80 años",8,,,8
,"81 años",7,1,,8
,"82 años",8,2,,10
,"83 años",3,,,3
,"84 años",3,1,,4
,"85 años",1,2,,3
,"86 años",3,,,3
,"87 años",3,1,,4
,"88 años",5,1,,6
,"89 años",1,2,,3
,"90 años",,,,
,"91 años",,1,,1
,"92 años",2,1,,3
,"93 años",1,,,1
,"94 años",1,1,,2
,"95 años",,,,
,"96 años",1,,,1
,"97 años",,,,
,"98 años",4,1,,5
,"99 años",,,,
,"100 años",,,,
,"101 años",,2,,2
,"102 años",,,,
,"103 años",,,,
,"104 años",,,,
,"105 años",,,,
,"106 años",,,,
,"107 años",,,,
,"108 años",,,,
,"109 años",,,,
,"110 años",,,,
,"111 años",,,,
,"112 años",,,,
,"113 años",,,,
,"114 años",,,,
,"115 años",,,,
,"116 años",,,,
,"117 años",,,,
,"118 años",,,,
,"119 años",,,,
,"120 años",,,,
,"121 años",,,,
,"122 años",,,,
,"123 años",,,,
,"124 años",,,,
,"125 años",,,,
,"126 años",,,,
,"127 años",,,,
,"128 años",,,,
,"129 años",,,,
,"130 años",,,,
,"131 años",,,,
,"132 años",,,,
,"133 años",,,,
,"134 años",,,,
,"135 años",,,,
,"136 años",,,,
,"137 años",,,,
,"138 años",,,,
,"139 años",,,,
,"140 años",,,,
,"141 años",,,,
,"142 años",,,,
,"143 años",,,,
,"144 años",,,,
,"145 años",,,,
,"146 años",,,,
,"147 años",,,,
,"148 años",,,,
,"149 años",,,,
,"No especificado",44,6,1,51
,"No Especificados",,,,
"2003","Menores de 1 año",20,12,,32
,"1 año",15,5,,20
,"2 años",10,7,,17
,"3 años",2,7,,9
,"4 años",2,2,,4
,"5 años",5,4,,9
,"6 años",1,4,,5
,"7 años",1,3,,4
,"8 años",4,1,,5
,"9 años",5,4,,9
,"10 años",2,8,1,11
,"11 años",4,7,,11
,"12 años",8,4,,12
,"13 años",14,2,,16
,"14 años",20,9,,29
,"15 años",29,12,,41
,"16 años",49,9,,58
,"17 años",48,8,1,57
,"18 años",63,11,,74
,"19 años",68,13,,81
,"20 años",79,10,,89
,"21 años",72,10,1,83
,"22 años",76,16,,92
,"23 años",88,9,,97
,"24 años",83,5,,88
,"25 años",108,17,2,127
,"26 años",86,9,,95
,"27 años",99,7,,106
,"28 años",89,11,,100
,"29 años",91,6,,97
,"30 años",113,13,,126
,"31 años",73,13,,86
,"32 años",88,10,,98
,"33 años",73,7,,80
,"34 años",82,9,,91
,"35 años",96,13,,109
,"36 años",67,10,,77
,"37 años",46,8,,54
,"38 años",74,12,,86
,"39 años",56,7,,63
,"40 años",80,16,,96
,"41 años",57,6,,63
,"42 años",66,6,,72
,"43 años",38,7,,45
,"44 años",52,6,,58
,"45 años",49,3,,52
,"46 años",53,7,,60
,"47 años",59,6,,65
,"48 años",50,2,,52
,"49 años",49,5,,54
,"50 años",62,4,,66
,"51 años",29,4,,33
,"52 años",36,4,,40
,"53 años",29,3,,32
,"54 años",46,5,,51
,"55 años",35,7,,42
,"56 años",42,5,,47
,"57 años",23,3,,26
,"58 años",27,3,,30
,"59 años",17,2,,19
,"60 años",35,6,,41
,"61 años",21,4,,25
,"62 años",28,3,,31
,"63 años",26,4,,30
,"64 años",10,2,,12
,"65 años",26,3,,29
,"66 años",20,2,,22
,"67 años",19,6,,25
,"68 años",17,3,,20
,"69 años",8,4,,12
,"70 años",26,3,1,30
,"71 años",11,2,,13
,"72 años",11,2,,13
,"73 años",12,4,,16
,"74 años",9,4,,13
,"75 años",7,5,,12
,"76 años",13,2,,15
,"77 años",14,,,14
,"78 años",6,,,6
,"79 años",5,1,,6
,"80 años",9,3,,12
,"81 años",7,1,,8
,"82 años",5,2,,7
,"83 años",6,5,,11
,"84 años",1,,,1
,"85 años",2,3,,5
,"86 años",3,1,,4
,"87 años",1,1,,2
,"88 años",4,2,,6
,"89 años",1,1,,2
,"90 años",1,,,1
,"91 años",1,,,1
,"92 años",1,,,1
,"93 años",1,,,1
,"94 años",,1,,1
,"95 años",,,,
,"96 años",,1,,1
,"97 años",,1,,1
,"98 años",1,,,1
,"99 años",2,2,,4
,"100 años",1,,,1
,"101 años",,,,
,"102 años",,,,
,"103 años",,,,
,"104 años",,,,
,"105 años",,,,
,"106 años",,,,
,"107 años",,,,
,"108 años",,,,
,"109 años",,,,
,"110 años",,,,
,"111 años",,,,
,"112 años",,,,
,"113 años",,,,
,"114 años",,,,
,"115 años",,,,
,"116 años",,,,
,"117 años",,,,
,"118 años",,,,
,"119 años",,,,
,"120 años",,,,
,"121 años",,,,
,"122 años",,,,
,"123 años",,,,
,"124 años",,,,
,"125 años",,,,
,"126 años",,,,
,"127 años",,,,
,"128 años",,,,
,"129 años",,,,
,"130 años",,,,
,"131 años",,,,
,"132 años",,,,
,"133 años",,,,
,"134 años",,,,
,"135 años",,,,
,"136 años",,,,
,"137 años",,,,
,"138 años",,,,
,"139 años",,,,
,"140 años",,,,
,"141 años",,,,
,"142 años",,,,
,"143 años",,,,
,"144 años",,,,
,"145 años",,,,
,"146 años",,,,
,"147 años",,,,
,"148 años",,,,
,"149 años",,,,
,"No especificado",45,3,4,52
,"No Especificados",,,,
"2004","Menores de 1 año",25,21,2,48
,"1 año",5,9,,14
,"2 años",7,2,,9
,"3 años",4,5,,9
,"4 años",3,3,,6
,"5 años",,4,,4
,"6 años",2,1,,3
,"7 años",3,2,,5
,"8 años",6,2,,8
,"9 años",8,2,,10
,"10 años",3,5,,8
,"11 años",5,5,,10
,"12 años",6,2,,8
,"13 años",16,6,,22
,"14 años",15,11,,26
,"15 años",21,10,,31
,"16 años",23,16,,39
,"17 años",52,15,,67
,"18 años",60,13,1,74
,"19 años",67,10,,77
,"20 años",64,8,,72
,"21 años",88,15,,103
,"22 años",76,9,,85
,"23 años",79,16,,95
,"24 años",93,10,,103
,"25 años",90,19,,109
,"26 años",71,7,,78
,"27 años",72,4,,76
,"28 años",99,13,,112
,"29 años",65,4,,69
,"30 años",103,13,,116
,"31 años",67,12,,79
,"32 años",94,3,,97
,"33 años",80,7,,87
,"34 años",74,10,,84
,"35 años",111,5,,116
,"36 años",69,10,,79
,"37 años",76,9,,85
,"38 años",70,11,,81
,"39 años",48,5,,53
,"40 años",77,6,,83
,"41 años",44,6,,50
,"42 años",63,9,,72
,"43 años",58,7,,65
,"44 años",48,7,,55
,"45 años",53,8,,61
,"46 años",44,3,,47
,"47 años",48,6,,54
,"48 años",44,6,,50
,"49 años",41,4,,45
,"50 años",47,9,,56
,"51 años",30,4,,34
,"52 años",33,6,,39
,"53 años",41,5,,46
,"54 años",32,2,,34
,"55 años",37,1,,38
,"56 años",39,5,,44
,"57 años",31,9,,40
,"58 años",20,3,,23
,"59 años",30,2,,32
,"60 años",32,4,,36
,"61 años",20,6,,26
,"62 años",18,1,,19
,"63 años",13,4,,17
,"64 años",14,2,,16
,"65 años",18,5,,23
,"66 años",22,4,,26
,"67 años",11,,,11
,"68 años",23,3,,26
,"69 años",13,1,,14
,"70 años",17,1,,18
,"71 años",13,,,13
,"72 años",14,2,,16
,"73 años",13,1,,14
,"74 años",12,1,,13
,"75 años",11,1,,12
,"76 años",9,,,9
,"77 años",6,1,,7
,"78 años",3,,,3
,"79 años",5,,,5
,"80 años",9,5,,14
,"81 años",5,2,,7
,"82 años",7,1,,8
,"83 años",5,2,,7
,"84 años",5,1,,6
,"85 años",4,1,,5
,"86 años",2,2,,4
,"87 años",,,,
,"88 años",3,2,,5
,"89 años",1,2,,3
,"90 años",1,,,1
,"91 años",1,1,,2
,"92 años",1,,,1
,"93 años",,1,,1
,"94 años",,,,
,"95 años",,,,
,"96 años",,,,
,"97 años",,,,
,"98 años",3,,,3
,"99 años",4,,1,5
,"100 años",,,,
,"101 años",,,,
,"102 años",,1,,1
,"103 años",,,,
,"104 años",,,,
,"105 años",,,,
,"106 años",,,,
,"107 años",,,,
,"108 años",1,,,1
,"109 años",,,,
,"110 años",,,,
,"111 años",,,,
,"112 años",,,,
,"113 años",,,,
,"114 años",,,,
,"115 años",,,,
,"116 años",,,,
,"117 años",,,,
,"118 años",,,,
,"119 años",,,,
,"120 años",,,,
,"121 años",,,,
,"122 años",,,,
,"123 años",,,,
,"124 años",,,,
,"125 años",,,,
,"126 años",,,,
,"127 años",,,,
,"128 años",,,,
,"129 años",,,,
,"130 años",,,,
,"131 años",,,,
,"132 años",,,,
,"133 años",,,,
,"134 años",,,,
,"135 años",,,,
,"136 años",,,,
,"137 años",,,,
,"138 años",,,,
,"139 años",,,,
,"140 años",,,,
,"141 años",,,,
,"142 años",,,,
,"143 años",,,,
,"144 años",,,,
,"145 años",,,,
,"146 años",,,,
,"147 años",,,,
,"148 años",,,,
,"149 años",,,,
,"No especificado",37,1,1,39
,"No Especificados",,,,
"2005","Menores de 1 año",18,17,2,37
,"1 año",8,12,,20
,"2 años",10,5,,15
,"3 años",8,5,,13
,"4 años",7,5,,12
,"5 años",3,5,,8
,"6 años",8,3,,11
,"7 años",5,4,,9
,"8 años",6,4,,10
,"9 años",4,1,,5
,"10 años",3,3,,6
,"11 años",7,3,,10
,"12 años",8,2,,10
,"13 años",14,9,,23
,"14 años",30,15,,45
,"15 años",23,14,,37
,"16 años",34,17,,51
,"17 años",53,10,,63
,"18 años",82,14,,96
,"19 años",83,12,,95
,"20 años",83,14,,97
,"21 años",82,11,,93
,"22 años",90,4,,94
,"23 años",88,15,,103
,"24 años",96,16,,112
,"25 años",103,18,,121
,"26 años",81,8,,89
,"27 años",77,9,,86
,"28 años",83,11,,94
,"29 años",84,10,,94
,"30 años",101,11,,112
,"31 años",75,8,,83
,"32 años",86,12,,98
,"33 años",78,10,,88
,"34 años",69,7,,76
,"35 años",98,6,,104
,"36 años",68,8,,76
,"37 años",66,7,,73
,"38 años",69,11,,80
,"39 años",63,5,,68
,"40 años",83,12,,95
,"41 años",52,7,,59
,"42 años",57,9,,66
,"43 años",46,6,,52
,"44 años",57,7,,64
,"45 años",73,5,,78
,"46 años",51,5,,56
,"47 años",34,6,,40
,"48 años",47,10,,57
,"49 años",53,5,,58
,"50 años",43,5,,48
,"51 años",40,7,,47
,"52 años",37,7,,44
,"53 años",33,6,,39
,"54 años",34,8,,42
,"55 años",36,3,,39
,"56 años",38,6,,44
,"57 años",29,5,,34
,"58 años",27,3,,30
,"59 años",29,2,,31
,"60 años",41,6,,47
,"61 años",27,1,,28
,"62 años",22,2,,24
,"63 años",30,1,,31
,"64 años",19,6,,25
,"65 años",32,4,,36
,"66 años",17,1,,18
,"67 años",19,2,,21
,"68 años",11,2,,13
,"69 años",8,6,,14
,"70 años",16,4,,20
,"71 años",10,3,,13
,"72 años",11,3,,14
,"73 años",9,5,,14
,"74 años",10,,,10
,"75 años",13,5,,18
,"76 años",11,4,,15
,"77 años",7,2,,9
,"78 años",7,5,,12
,"79 años",6,5,,11
,"80 años",8,2,,10
,"81 años",5,2,,7
,"82 años",5,,,5
,"83 años",9,1,,10
,"84 años",2,1,,3
,"85 años",7,3,,10
,"86 años",4,2,,6
,"87 años",3,1,,4
,"88 años",2,2,,4
,"89 años",2,2,,4
,"90 años",1,,,1
,"91 años",,1,,1
,"92 años",1,2,,3
,"93 años",,1,,1
,"94 años",,,,
,"95 años",1,,,1
,"96 años",,,,
,"97 años",,,,
,"98 años",1,,,1
,"99 años",1,1,,2
,"100 años",,,,
,"101 años",,,,
,"102 años",,,,
,"103 años",,,,
,"104 años",,,,
,"105 años",,,,
,"106 años",,,,
,"107 años",,,,
,"108 años",,,,
,"109 años",,,,
,"110 años",,,,
,"111 años",,,,
,"112 años",,,,
,"113 años",,,,
,"114 años",,,,
,"115 años",,,,
,"116 años",,,,
,"117 años",,,,
,"118 años",,,,
,"119 años",,,,
,"120 años",,,,
,"121 años",,,,
,"122 años",,,,
,"123 años",,,,
,"124 años",,,,
,"125 años",,,,
,"126 años",,,,
,"127 años",,,,
,"128 años",,,,
,"129 años",,,,
,"130 años",,,,
,"131 años",,,,
,"132 años",,,,
,"133 años",,,,
,"134 años",,,,
,"135 años",,,,
,"136 años",,,,
,"137 años",,,,
,"138 años",,,,
,"139 años",,,,
,"140 años",,,,
,"141 años",,,,
,"142 años",,,,
,"143 años",,,,
,"144 años",,,,
,"145 años",,,,
,"146 años",,,,
,"147 años",,,,
,"148 años",,,,
,"149 años",,,,
,"No especificado",49,11,6,66
,"No Especificados",,,,
"2006","Menores de 1 año",24,14,,38
,"1 año",12,7,,19
,"2 años",10,6,,16
,"3 años",6,4,,10
,"4 años",5,4,,9
,"5 años",8,1,,9
,"6 años",5,3,,8
,"7 años",3,1,,4
,"8 años",1,2,,3
,"9 años",6,3,,9
,"10 años",2,1,,3
,"11 años",6,2,,8
,"12 años",14,3,,17
,"13 años",5,5,,10
,"14 años",25,10,,35
,"15 años",26,16,,42
,"16 años",50,17,,67
,"17 años",55,12,,67
,"18 años",58,19,,77
,"19 años",73,10,,83
,"20 años",74,9,1,84
,"21 años",101,7,,108
,"22 años",89,10,,99
,"23 años",80,17,,97
,"24 años",85,14,,99
,"25 años",91,15,,106
,"26 años",86,12,,98
,"27 años",85,10,,95
,"28 años",118,9,,127
,"29 años",100,7,,107
,"30 años",125,15,1,141
,"31 años",85,8,,93
,"32 años",95,10,,105
,"33 años",110,6,,116
,"34 años",79,8,,87
,"35 años",118,10,,128
,"36 años",83,5,,88
,"37 años",75,6,,81
,"38 años",83,8,,91
,"39 años",67,2,,69
,"40 años",91,12,1,104
,"41 años",64,5,,69
,"42 años",62,11,,73
,"43 años",51,5,,56
,"44 años",63,7,,70
,"45 años",79,9,,88
,"46 años",69,5,,74
,"47 años",54,3,,57
,"48 años",61,7,,68
,"49 años",44,6,,50
,"50 años",50,7,,57
,"51 años",43,6,,49
,"52 años",30,5,,35
,"53 años",38,7,,45
,"54 años",39,6,,45
,"55 años",43,6,,49
,"56 años",35,4,,39
,"57 años",42,3,,45
,"58 años",20,2,,22
,"59 años",23,3,,26
,"60 años",34,3,,37
,"61 años",12,2,,14
,"62 años",21,4,,25
,"63 años",28,2,,30
,"64 años",13,7,,20
,"65 años",27,4,,31
,"66 años",20,2,,22
,"67 años",13,3,,16
,"68 años",17,5,,22
,"69 años",10,1,,11
,"70 años",23,3,,26
,"71 años",17,4,,21
,"72 años",13,1,,14
,"73 años",14,4,,18
,"74 años",12,4,,16
,"75 años",12,4,,16
,"76 años",5,,,5
,"77 años",9,2,,11
,"78 años",8,2,,10
,"79 años",5,1,,6
,"80 años",8,1,,9
,"81 años",5,2,,7
,"82 años",2,,,2
,"83 años",4,1,,5
,"84 años",7,1,,8
,"85 años",3,1,,4
,"86 años",1,,,1
,"87 años",1,1,,2
,"88 años",1,1,,2
,"89 años",1,1,,2
,"90 años",2,1,,3
,"91 años",1,,,1
,"92 años",1,2,,3
,"93 años",2,,,2
,"94 años",,,,
,"95 años",2,,,2
,"96 años",1,1,,2
,"97 años",,,,
,"98 años",,,,
,"99 años",1,,,1
,"100 años",,,,
,"101 años",,,,
,"102 años",,,,
,"103 años",,,,
,"104 años",,,,
,"105 años",1,,,1
,"106 años",,,,
,"107 años",,,,
,"108 años",,,,
,"109 años",,,,
,"110 años",,,,
,"111 años",,,,
,"112 años",,,,
,"113 años",,,,
,"114 años",,,,
,"115 años",,,,
,"116 años",,,,
,"117 años",,,,
,"118 años",,,,
,"119 años",,,,
,"120 años",,,,
,"121 años",,,,
,"122 años",,,,
,"123 años",,,,
,"124 años",,,,
,"125 años",,,,
,"126 años",,,,
,"127 años",,,,
,"128 años",,,,
,"129 años",,,,
,"130 años",,,,
,"131 años",,,,
,"132 años",,,,
,"133 años",,,,
,"134 años",,,,
,"135 años",,,,
,"136 años",,,,
,"137 años",,,,
,"138 años",,,,
,"139 años",,,,
,"140 años",,,,
,"141 años",,,,
,"142 años",,,,
,"143 años",,,,
,"144 años",,,,
,"145 años",,,,
,"146 años",,,,
,"147 años",,,,
,"148 años",,,,
,"149 años",,,,
,"No especificado",70,11,3,84
,"No Especificados",,,,
"2007","Menores de 1 año",12,22,1,35
,"1 año",6,6,,12
,"2 años",4,5,,9
,"3 años",6,,,6
,"4 años",2,1,,3
,"5 años",3,2,,5
,"6 años",5,2,,7
,"7 años",4,2,,6
,"8 años",1,4,,5
,"9 años",1,5,,6
,"10 años",6,2,,8
,"11 años",5,2,,7
,"12 años",3,2,,5
,"13 años",9,7,,16
,"14 años",11,6,,17
,"15 años",19,7,,26
,"16 años",29,10,,39
,"17 años",53,10,,63
,"18 años",55,10,,65
,"19 años",51,4,,55
,"20 años",51,9,,60
,"21 años",59,5,,64
,"22 años",69,5,,74
,"23 años",66,16,,82
,"24 años",84,9,,93
,"25 años",65,11,,76
,"26 años",60,11,,71
,"27 años",70,8,,78
,"28 años",82,7,,89
,"29 años",79,8,,87
,"30 años",100,11,,111
,"31 años",68,6,,74
,"32 años",88,5,,93
,"33 años",78,5,,83
,"34 años",67,8,,75
,"35 años",85,7,,92
,"36 años",74,8,,82
,"37 años",79,8,,87
,"38 años",67,7,,74
,"39 años",56,3,,59
,"40 años",71,8,,79
,"41 años",64,4,,68
,"42 años",57,6,,63
,"43 años",44,4,,48
,"44 años",46,8,,54
,"45 años",64,11,,75
,"46 años",47,4,,51
,"47 años",37,3,,40
,"48 años",42,5,,47
,"49 años",45,2,,47
,"50 años",50,5,,55
,"51 años",36,3,,39
,"52 años",37,4,,41
,"53 años",36,4,,40
,"54 años",32,3,,35
,"55 años",32,4,,36
,"56 años",27,1,,28
,"57 años",22,3,,25
,"58 años",26,1,,27
,"59 años",20,2,,22
,"60 años",22,1,,23
,"61 años",12,3,,15
,"62 años",18,1,,19
,"63 años",13,3,,16
,"64 años",17,2,,19
,"65 años",13,2,,15
,"66 años",11,2,,13
,"67 años",10,1,,11
,"68 años",12,1,,13
,"69 años",15,2,,17
,"70 años",11,1,,12
,"71 años",7,4,,11
,"72 años",14,5,,19
,"73 años",8,2,,10
,"74 años",11,2,,13
,"75 años",6,2,,8
,"76 años",6,1,,7
,"77 años",7,2,,9
,"78 años",3,2,,5
,"79 años",4,,,4
,"80 años",3,1,,4
,"81 años",2,1,,3
,"82 años",2,,,2
,"83 años",4,,,4
,"84 años",2,,,2
,"85 años",2,3,,5
,"86 años",1,1,,2
,"87 años",1,1,,2
,"88 años",,,,
,"89 años",,2,,2
,"90 años",2,,,2
,"91 años",,,,
,"92 años",,,,
,"93 años",3,,,3
,"94 años",,,,
,"95 años",,,,
,"96 años",,,,
,"97 años",,,,
,"98 años",,,,
,"99 años",,,,
,"100 años",,,,
,"101 años",,,,
,"102 años",,,,
,"103 años",,,,
,"104 años",,,,
,"105 años",,,,
,"106 años",,,,
,"107 años",,,,
,"108 años",,,,
,"109 años",,,,
,"110 años",,,,
,"111 años",,,,
,"112 años",,,,
,"113 años",,,,
,"114 años",,,,
,"115 años",,,,
,"116 años",,,,
,"117 años",,,,
,"118 años",,,,
,"119 años",,,,
,"120 años",1,,,1
,"121 años",,,,
,"122 años",,,,
,"123 años",,,,
,"124 años",,,,
,"125 años",,,,
,"126 años",,,,
,"127 años",,,,
,"128 años",,,,
,"129 años",,,,
,"130 años",,,,
,"131 años",,,,
,"132 años",,,,
,"133 años",,,,
,"134 años",,,,
,"135 años",,,,
,"136 años",,,,
,"137 años",,,,
,"138 años",,,,
,"139 años",,,,
,"140 años",,,,
,"141 años",,,,
,"142 años",,,,
,"143 años",,,,
,"144 años",,,,
,"145 años",,,,
,"146 años",,,,
,"147 años",,,,
,"148 años",,,,
,"149 años",,,,
,"No especificado",35,8,,43
,"No Especificados",,,,
"2008","Menores de 1 año",17,14,,31
,"1 año",2,4,,6
,"2 años",6,3,,9
,"3 años",2,1,,3
,"4 años",5,3,,8
,"5 años",3,4,,7
,"6 años",1,,,1
,"7 años",1,,,1
,"8 años",3,2,,5
,"9 años",4,2,,6
,"10 años",6,2,,8
,"11 años",2,2,,4
,"12 años",2,4,,6
,"13 años",9,7,,16
,"14 años",11,5,,16
,"15 años",14,8,,22
,"16 años",45,8,,53
,"17 años",43,8,,51
,"18 años",69,11,,80
,"19 años",79,15,,94
,"20 años",86,12,,98
,"21 años",82,9,,91
,"22 años",109,9,,118
,"23 años",80,12,,92
,"24 años",81,12,,93
,"25 años",96,15,,111
,"26 años",86,9,,95
,"27 años",90,11,,101
,"28 años",90,10,,100
,"29 años",86,7,,93
,"30 años",137,11,,148
,"31 años",82,6,,88
,"32 años",114,4,,118
,"33 años",114,7,,121
,"34 años",80,12,,92
,"35 años",119,9,,128
,"36 años",81,8,,89
,"37 años",91,11,,102
,"38 años",88,6,,94
,"39 años",83,8,,91
,"40 años",91,5,,96
,"41 años",74,9,,83
,"42 años",85,6,,91
,"43 años",71,8,,79
,"44 años",46,10,,56
,"45 años",85,7,,92
,"46 años",66,7,,73
,"47 años",54,5,,59
,"48 años",54,8,,62
,"49 años",53,4,,57
,"50 años",42,1,,43
,"51 años",43,3,,46
,"52 años",43,4,,47
,"53 años",40,6,,46
,"54 años",47,2,,49
,"55 años",30,,,30
,"56 años",29,2,,31
,"57 años",31,3,,34
,"58 años",23,9,,32
,"59 años",15,3,,18
,"60 años",30,5,,35
,"61 años",19,3,,22
,"62 años",22,1,,23
,"63 años",18,5,,23
,"64 años",17,2,,19
,"65 años",25,1,,26
,"66 años",20,1,,21
,"67 años",12,1,,13
,"68 años",17,1,,18
,"69 años",11,1,,12
,"70 años",15,3,,18
,"71 años",6,1,,7
,"72 años",11,2,,13
,"73 años",13,8,,21
,"74 años",11,,,11
,"75 años",7,2,,9
,"76 años",6,2,,8
,"77 años",8,3,,11
,"78 años",6,2,,8
,"79 años",4,1,,5
,"80 años",4,4,,8
,"81 años",10,2,,12
,"82 años",3,,,3
,"83 años",4,,,4
,"84 años",1,2,,3
,"85 años",4,1,,5
,"86 años",2,,,2
,"87 años",5,,,5
,"88 años",,1,,1
,"89 años",1,1,,2
,"90 años",1,,,1
,"91 años",,,,
,"92 años",1,1,,2
,"93 años",1,,,1
,"94 años",,,,
,"95 años",,,,
,"96 años",1,,,1
,"97 años",,,,
,"98 años",1,,,1
,"99 años",,,,
,"100 años",,,,
,"101 años",,,,
,"102 años",,,,
,"103 años",,,,
,"104 años",,,,
,"105 años",,,,
,"106 años",,,,
,"107 años",,,,
,"108 años",,,,
,"109 años",,,,
,"110 años",,,,
,"111 años",,,,
,"112 años",,,,
,"113 años",,,,
,"114 años",,,,
,"115 años",,,,
,"116 años",,,,
,"117 años",,,,
,"118 años",,,,
,"119 años",,,,
,"120 años",,,,
,"121 años",,,,
,"122 años",,,,
,"123 años",,,,
,"124 años",,,,
,"125 años",,,,
,"126 años",,,,
,"127 años",,,,
,"128 años",,,,
,"129 años",,,,
,"130 años",,,,
,"131 años",,,,
,"132 años",,,,
,"133 años",,,,
,"134 años",,,,
,"135 años",,,,
,"136 años",,,,
,"137 años",,,,
,"138 años",,,,
,"139 años",,,,
,"140 años",,,,
,"141 años",,,,
,"142 años",,,,
,"143 años",,,,
,"144 años",,,,
,"145 años",,,,
,"146 años",,,,
,"147 años",,,,
,"148 años",,,,
,"149 años",,,,
,"No especificado",63,15,4,82
,"No Especificados",,,,
"2009","Menores de 1 año",22,20,,42
,"1 año",3,6,,9
,"2 años",8,8,,16
,"3 años",,2,,2
,"4 años",4,1,,5
,"5 años",2,2,,4
,"6 años",3,1,,4
,"7 años",3,4,,7
,"8 años",3,4,,7
,"9 años",4,1,,5
,"10 años",4,,,4
,"11 años",6,3,,9
,"12 años",4,4,,8
,"13 años",3,3,,6
,"14 años",19,12,,31
,"15 años",27,8,,35
,"16 años",44,14,,58
,"17 años",62,11,,73
,"18 años",90,18,,108
,"19 años",113,19,,132
,"20 años",117,15,1,133
,"21 años",117,20,,137
,"22 años",111,14,,125
,"23 años",139,19,,158
,"24 años",133,14,,147
,"25 años",153,9,1,163
,"26 años",139,7,1,147
,"27 años",131,12,,143
,"28 años",148,8,,156
,"29 años",130,8,,138
,"30 años",175,16,,191
,"31 años",132,6,,138
,"32 años",137,16,,153
,"33 años",126,14,,140
,"34 años",125,12,,137
,"35 años",169,21,3,193
,"36 años",137,11,,148
,"37 años",108,10,,118
,"38 años",158,10,,168
,"39 años",106,10,,116
,"40 años",125,7,,132
,"41 años",74,7,,81
,"42 años",97,4,,101
,"43 años",88,9,,97
,"44 años",77,11,,88
,"45 años",96,19,,115
,"46 años",64,5,,69
,"47 años",58,4,,62
,"48 años",53,5,,58
,"49 años",68,3,,71
,"50 años",81,5,,86
,"51 años",43,7,,50
,"52 años",51,4,,55
,"53 años",42,6,,48
,"54 años",55,3,,58
,"55 años",44,6,,50
,"56 años",43,3,,46
,"57 años",31,4,,35
,"58 años",42,6,,48
,"59 años",32,4,,36
,"60 años",46,6,,52
,"61 años",28,2,,30
,"62 años",26,2,,28
,"63 años",21,,,21
,"64 años",24,5,,29
,"65 años",26,5,,31
,"66 años",19,1,,20
,"67 años",16,6,1,23
,"68 años",18,7,,25
,"69 años",17,3,,20
,"70 años",18,4,,22
,"71 años",9,2,,11
,"72 años",8,2,,10
,"73 años",17,2,,19
,"74 años",17,4,,21
,"75 años",9,3,,12
,"76 años",3,2,,5
,"77 años",5,2,,7
,"78 años",8,1,,9
,"79 años",6,2,,8
,"80 años",6,1,,7
,"81 años",3,1,,4
,"82 años",1,1,,2
,"83 años",1,2,,3
,"84 años",3,4,,7
,"85 años",6,2,,8
,"86 años",2,,,2
,"87 años",3,1,,4
,"88 años",,,,
,"89 años",2,,,2
,"90 años",,,,
,"91 años",,1,,1
,"92 años",,,,
,"93 años",1,,,1
,"94 años",,,,
,"95 años",1,,,1
,"96 años",,,,
,"97 años",1,1,,2
,"98 años",1,,,1
,"99 años",2,,,2
,"100 años",,,,
,"101 años",,,,
,"102 años",,,,
,"103 años",,,,
,"104 años",,,,
,"105 años",,,,
,"106 años",,,,
,"107 años",,,,
,"108 años",,,,
,"109 años",,,,
,"110 años",,,,
,"111 años",,,,
,"112 años",,,,
,"113 años",,,,
,"114 años",,,,
,"115 años",,,,
,"116 años",,,,
,"117 años",,,,
,"118 años",,,,
,"119 años",,,,
,"120 años",,,,
,"121 años",,,,
,"122 años",,,,
,"123 años",,,,
,"124 años",,,,
,"125 años",,,,
,"126 años",,,,
,"127 años",,,,
,"128 años",,,,
,"129 años",,,,
,"130 años",,,,
,"131 años",,,,
,"132 años",,,,
,"133 años",,,,
,"134 años",,,,
,"135 años",,,,
,"136 años",,,,
,"137 años",,,,
,"138 años",,,,
,"139 años",,,,
,"140 años",,,,
,"141 años",,,,
,"142 años",,,,
,"143 años",,,,
,"144 años",,,,
,"145 años",,,,
,"146 años",,,,
,"147 años",,,,
,"148 años",,,,
,"149 años",,,,
,"No especificado",125,19,12,156
,"No Especificados",,,,
"Grand Total",,"123,207","15,931",373,"139,511"
